nom,classe,format,mode,largeur,hauteur,ecart_type_pixels,nombre_canaux,taille_octets,corrompue,chemin
cardboard1.jpg,cardboard,JPEG,RGB,512.0,384.0,40.58852860499886,3.0,17333,False,..\data\raw\cardboard\cardboard1.jpg
cardboard10.jpg,cardboard,JPEG,RGB,512.0,384.0,42.57128838691107,3.0,21683,False,..\data\raw\cardboard\cardboard10.jpg
cardboard100.jpg,cardboard,JPEG,RGB,512.0,384.0,46.10830456544567,3.0,14884,False,..\data\raw\cardboard\cardboard100.jpg
cardboard101.jpg,cardboard,JPEG,RGB,512.0,384.0,72.26399578522314,3.0,14289,False,..\data\raw\cardboard\cardboard101.jpg
cardboard102.jpg,cardboard,JPEG,RGB,512.0,384.0,48.3889369058145,3.0,18015,False,..\data\raw\cardboard\cardboard102.jpg
cardboard103.jpg,cardboard,JPEG,RGB,512.0,384.0,40.73937401345584,3.0,21104,False,..\data\raw\cardboard\cardboard103.jpg
cardboard104.jpg,cardboard,JPEG,RGB,512.0,384.0,38.82230370727143,3.0,17225,False,..\data\raw\cardboard\cardboard104.jpg
cardboard105.jpg,cardboard,JPEG,RGB,512.0,384.0,49.678720331152846,3.0,24417,False,..\data\raw\cardboard\cardboard105.jpg
cardboard106.jpg,cardboard,JPEG,RGB,512.0,384.0,57.07388291829091,3.0,26388,False,..\data\raw\cardboard\cardboard106.jpg
cardboard107.jpg,cardboard,JPEG,RGB,512.0,384.0,41.68289104812726,3.0,25368,False,..\data\raw\cardboard\cardboard107.jpg
cardboard108.jpg,cardboard,JPEG,RGB,512.0,384.0,39.314928392415325,3.0,25560,False,..\data\raw\cardboard\cardboard108.jpg
cardboard109.jpg,cardboard,JPEG,RGB,512.0,384.0,57.204866786908504,3.0,16635,False,..\data\raw\cardboard\cardboard109.jpg
cardboard11.jpg,cardboard,JPEG,RGB,512.0,384.0,51.11137754392029,3.0,20452,False,..\data\raw\cardboard\cardboard11.jpg
cardboard110.jpg,cardboard,JPEG,RGB,512.0,384.0,45.73789062834481,3.0,17368,False,..\data\raw\cardboard\cardboard110.jpg
cardboard111.jpg,cardboard,JPEG,RGB,512.0,384.0,45.8725204682007,3.0,24881,False,..\data\raw\cardboard\cardboard111.jpg
cardboard112.jpg,cardboard,JPEG,RGB,512.0,384.0,67.01841158239968,3.0,19018,False,..\data\raw\cardboard\cardboard112.jpg
cardboard113.jpg,cardboard,JPEG,RGB,512.0,384.0,55.702273612163175,3.0,20142,False,..\data\raw\cardboard\cardboard113.jpg
cardboard114.jpg,cardboard,JPEG,RGB,512.0,384.0,60.987957078242594,3.0,16470,False,..\data\raw\cardboard\cardboard114.jpg
cardboard115.jpg,cardboard,JPEG,RGB,512.0,384.0,42.690238573866104,3.0,16303,False,..\data\raw\cardboard\cardboard115.jpg
cardboard116.jpg,cardboard,JPEG,RGB,512.0,384.0,67.4603614769229,3.0,15247,False,..\data\raw\cardboard\cardboard116.jpg
cardboard117.jpg,cardboard,JPEG,RGB,48.0,32.0,63.59923259024207,3.0,1708,False,..\data\raw\cardboard\cardboard117.jpg
cardboard118.jpg,cardboard,JPEG,RGB,512.0,384.0,65.07667039142312,3.0,15835,False,..\data\raw\cardboard\cardboard118.jpg
cardboard119.jpg,cardboard,JPEG,RGB,512.0,384.0,54.039481549856,3.0,26115,False,..\data\raw\cardboard\cardboard119.jpg
cardboard12.jpg,cardboard,JPEG,RGB,512.0,384.0,46.296923555540324,3.0,25517,False,..\data\raw\cardboard\cardboard12.jpg
cardboard120.jpg,cardboard,JPEG,RGB,512.0,384.0,63.06379725010567,3.0,26389,False,..\data\raw\cardboard\cardboard120.jpg
cardboard121.jpg,cardboard,JPEG,RGB,512.0,384.0,59.8364669678533,3.0,12179,False,..\data\raw\cardboard\cardboard121.jpg
cardboard122.jpg,cardboard,JPEG,RGB,512.0,384.0,65.78318985216825,3.0,21298,False,..\data\raw\cardboard\cardboard122.jpg
cardboard123.jpg,cardboard,JPEG,RGB,512.0,384.0,68.76617150647837,3.0,16097,False,..\data\raw\cardboard\cardboard123.jpg
cardboard124.jpg,cardboard,JPEG,RGB,512.0,384.0,86.21384398781208,3.0,18424,False,..\data\raw\cardboard\cardboard124.jpg
cardboard125.jpg,cardboard,JPEG,RGB,512.0,384.0,68.05219151031952,3.0,19339,False,..\data\raw\cardboard\cardboard125.jpg
cardboard126.jpg,cardboard,JPEG,RGB,512.0,384.0,51.172268544500085,3.0,21567,False,..\data\raw\cardboard\cardboard126.jpg
cardboard127.jpg,cardboard,JPEG,RGB,512.0,384.0,48.81993098261723,3.0,20678,False,..\data\raw\cardboard\cardboard127.jpg
cardboard128.jpg,cardboard,JPEG,RGB,512.0,384.0,66.23908140458238,3.0,13559,False,..\data\raw\cardboard\cardboard128.jpg
cardboard129.jpg,cardboard,JPEG,RGB,512.0,384.0,58.079967886151536,3.0,16033,False,..\data\raw\cardboard\cardboard129.jpg
cardboard13.jpg,cardboard,JPEG,RGB,512.0,384.0,54.49273192581876,3.0,32896,False,..\data\raw\cardboard\cardboard13.jpg
cardboard130.jpg,cardboard,JPEG,RGB,512.0,384.0,56.17185949534933,3.0,16636,False,..\data\raw\cardboard\cardboard130.jpg
cardboard131.jpg,cardboard,JPEG,RGB,512.0,384.0,51.167389673571265,3.0,13743,False,..\data\raw\cardboard\cardboard131.jpg
cardboard132.jpg,cardboard,JPEG,RGB,512.0,384.0,39.998433862473526,3.0,10534,False,..\data\raw\cardboard\cardboard132.jpg
cardboard133.jpg,cardboard,JPEG,RGB,512.0,384.0,38.4934687309602,3.0,8940,False,..\data\raw\cardboard\cardboard133.jpg
cardboard134.jpg,cardboard,JPEG,RGB,512.0,384.0,43.14606240380005,3.0,9825,False,..\data\raw\cardboard\cardboard134.jpg
cardboard135.jpg,cardboard,JPEG,RGB,512.0,384.0,40.90846863147963,3.0,20111,False,..\data\raw\cardboard\cardboard135.jpg
cardboard136.jpg,cardboard,JPEG,RGB,512.0,384.0,27.86623264769615,3.0,7797,False,..\data\raw\cardboard\cardboard136.jpg
cardboard137.jpg,cardboard,JPEG,RGB,512.0,384.0,32.4762738982999,3.0,7724,False,..\data\raw\cardboard\cardboard137.jpg
cardboard138.jpg,cardboard,JPEG,RGB,512.0,384.0,52.789210327168334,3.0,17856,False,..\data\raw\cardboard\cardboard138.jpg
cardboard139.jpg,cardboard,JPEG,RGB,512.0,384.0,46.47260642179177,3.0,22215,False,..\data\raw\cardboard\cardboard139.jpg
cardboard13v.png,cardboard,PNG,RGBA,512.0,384.0,55.902520535163816,4.0,221825,False,..\data\raw\cardboard\cardboard13v.png
cardboard14.jpg,cardboard,JPEG,RGB,512.0,384.0,59.78640617818884,3.0,14657,False,..\data\raw\cardboard\cardboard14.jpg
cardboard140.jpg,cardboard,JPEG,RGB,512.0,384.0,58.34687123316408,3.0,17270,False,..\data\raw\cardboard\cardboard140.jpg
cardboard141.jpg,cardboard,JPEG,RGB,512.0,384.0,54.48063376908606,3.0,24876,False,..\data\raw\cardboard\cardboard141.jpg
cardboard142.jpg,cardboard,JPEG,RGB,512.0,384.0,49.84039238187417,3.0,11308,False,..\data\raw\cardboard\cardboard142.jpg
cardboard143.jpg,cardboard,JPEG,RGB,512.0,384.0,36.92676952805906,3.0,16037,False,..\data\raw\cardboard\cardboard143.jpg
cardboard144.jpg,cardboard,JPEG,RGB,512.0,384.0,52.97746699384546,3.0,13601,False,..\data\raw\cardboard\cardboard144.jpg
cardboard145.jpg,cardboard,JPEG,RGB,512.0,384.0,51.832353477699634,3.0,12305,False,..\data\raw\cardboard\cardboard145.jpg
cardboard146.jpg,cardboard,JPEG,RGB,512.0,384.0,61.5850949435935,3.0,16229,False,..\data\raw\cardboard\cardboard146.jpg
cardboard147.jpg,cardboard,JPEG,RGB,512.0,384.0,61.85867546706758,3.0,16266,False,..\data\raw\cardboard\cardboard147.jpg
cardboard148.jpg,cardboard,JPEG,RGB,512.0,384.0,58.457385567349895,3.0,20117,False,..\data\raw\cardboard\cardboard148.jpg
cardboard149.jpg,cardboard,JPEG,RGB,512.0,384.0,80.39839340145423,3.0,14320,False,..\data\raw\cardboard\cardboard149.jpg
cardboard15.jpg,cardboard,JPEG,RGB,512.0,384.0,45.760809027926044,3.0,11967,False,..\data\raw\cardboard\cardboard15.jpg
cardboard150.jpg,cardboard,JPEG,RGB,512.0,384.0,36.29823175626354,3.0,11101,False,..\data\raw\cardboard\cardboard150.jpg
cardboard151.jpg,cardboard,JPEG,RGB,512.0,384.0,34.516550152640065,3.0,10026,False,..\data\raw\cardboard\cardboard151.jpg
cardboard152.jpg,cardboard,JPEG,RGB,512.0,384.0,42.102976458324164,3.0,9394,False,..\data\raw\cardboard\cardboard152.jpg
cardboard153.jpg,cardboard,JPEG,RGB,512.0,384.0,47.81441138816337,3.0,17492,False,..\data\raw\cardboard\cardboard153.jpg
cardboard154.jpg,cardboard,JPEG,RGB,512.0,384.0,51.043583635406,3.0,14856,False,..\data\raw\cardboard\cardboard154.jpg
cardboard155.jpg,cardboard,JPEG,RGB,512.0,384.0,49.47211824124047,3.0,16767,False,..\data\raw\cardboard\cardboard155.jpg
cardboard156.jpg,cardboard,JPEG,RGB,512.0,384.0,68.87947437309326,3.0,14682,False,..\data\raw\cardboard\cardboard156.jpg
cardboard157.jpg,cardboard,JPEG,RGB,512.0,384.0,48.437444391333315,3.0,18160,False,..\data\raw\cardboard\cardboard157.jpg
cardboard158.jpg,cardboard,JPEG,RGB,512.0,384.0,71.12176528351586,3.0,18936,False,..\data\raw\cardboard\cardboard158.jpg
cardboard159.jpg,cardboard,JPEG,RGB,512.0,384.0,63.254134305836715,3.0,16325,False,..\data\raw\cardboard\cardboard159.jpg
cardboard16.jpg,cardboard,JPEG,RGB,512.0,384.0,65.62347462964514,3.0,12745,False,..\data\raw\cardboard\cardboard16.jpg
cardboard160.jpg,cardboard,JPEG,RGB,512.0,384.0,62.78412755892909,3.0,16182,False,..\data\raw\cardboard\cardboard160.jpg
cardboard161.jpg,cardboard,JPEG,RGB,512.0,384.0,43.922826817663015,3.0,24719,False,..\data\raw\cardboard\cardboard161.jpg
cardboard17.jpg,cardboard,JPEG,RGB,512.0,384.0,42.49495413637337,3.0,28358,False,..\data\raw\cardboard\cardboard17.jpg
cardboard18.jpg,cardboard,JPEG,RGB,512.0,384.0,47.489075390384116,3.0,22493,False,..\data\raw\cardboard\cardboard18.jpg
cardboard19.jpg,cardboard,JPEG,RGB,512.0,384.0,52.691925959076464,3.0,19816,False,..\data\raw\cardboard\cardboard19.jpg
cardboard2.jpg,cardboard,JPEG,RGB,512.0,384.0,38.58406940677081,3.0,18110,False,..\data\raw\cardboard\cardboard2.jpg
cardboard20.jpg,cardboard,JPEG,RGB,512.0,384.0,36.16835917122674,3.0,23340,False,..\data\raw\cardboard\cardboard20.jpg
cardboard21.jpg,cardboard,JPEG,RGB,512.0,384.0,41.22154904843547,3.0,15509,False,..\data\raw\cardboard\cardboard21.jpg
cardboard22.jpg,cardboard,JPEG,RGB,32.0,32.0,52.23602389388898,3.0,1247,False,..\data\raw\cardboard\cardboard22.jpg
cardboard23.jpg,cardboard,JPEG,RGB,512.0,384.0,52.25794892717758,3.0,19449,False,..\data\raw\cardboard\cardboard23.jpg
cardboard24.jpg,cardboard,JPEG,RGB,512.0,384.0,42.97504351058391,3.0,19051,False,..\data\raw\cardboard\cardboard24.jpg
cardboard25.jpg,cardboard,JPEG,RGB,512.0,384.0,49.491096722484784,3.0,25810,False,..\data\raw\cardboard\cardboard25.jpg
cardboard25g.png,cardboard,PNG,RGBA,512.0,384.0,48.44986917175875,4.0,201647,False,..\data\raw\cardboard\cardboard25g.png
cardboard26.jpg,cardboard,JPEG,RGB,512.0,384.0,68.14350605925189,3.0,14095,False,..\data\raw\cardboard\cardboard26.jpg
cardboard27.jpg,cardboard,JPEG,RGB,512.0,384.0,48.15884445920366,3.0,24848,False,..\data\raw\cardboard\cardboard27.jpg
cardboard28.jpg,cardboard,JPEG,RGB,512.0,384.0,64.28140300306828,3.0,14717,False,..\data\raw\cardboard\cardboard28.jpg
cardboard29.jpg,cardboard,JPEG,RGB,512.0,384.0,46.088533101130906,3.0,21856,False,..\data\raw\cardboard\cardboard29.jpg
cardboard3.jpg,cardboard,JPEG,RGB,512.0,384.0,45.29882656815121,3.0,21252,False,..\data\raw\cardboard\cardboard3.jpg
cardboard30.jpg,cardboard,JPEG,RGB,512.0,384.0,40.18250032216667,3.0,20220,False,..\data\raw\cardboard\cardboard30.jpg
cardboard31.jpg,cardboard,JPEG,RGB,512.0,384.0,53.565506751714395,3.0,22101,False,..\data\raw\cardboard\cardboard31.jpg
cardboard32.jpg,cardboard,JPEG,RGB,512.0,384.0,42.92093987393698,3.0,21862,False,..\data\raw\cardboard\cardboard32.jpg
cardboard33.jpg,cardboard,JPEG,RGB,512.0,384.0,35.2716397873018,3.0,12261,False,..\data\raw\cardboard\cardboard33.jpg
cardboard34.jpg,cardboard,JPEG,RGB,512.0,384.0,33.968649933038606,3.0,23673,False,..\data\raw\cardboard\cardboard34.jpg
cardboard35.jpg,cardboard,JPEG,RGB,512.0,384.0,49.759337395289755,3.0,19714,False,..\data\raw\cardboard\cardboard35.jpg
cardboard35tg.png,cardboard,PNG,RGBA,512.0,384.0,87.67482869936718,4.0,184529,False,..\data\raw\cardboard\cardboard35tg.png
cardboard36.jpg,cardboard,JPEG,RGB,512.0,384.0,45.216720758092315,3.0,19320,False,..\data\raw\cardboard\cardboard36.jpg
cardboard37.jpg,cardboard,JPEG,RGB,512.0,384.0,57.51481045279436,3.0,21529,False,..\data\raw\cardboard\cardboard37.jpg
cardboard38.jpg,cardboard,JPEG,RGB,512.0,384.0,56.457533081184934,3.0,22109,False,..\data\raw\cardboard\cardboard38.jpg
cardboard39.jpg,cardboard,JPEG,RGB,512.0,384.0,47.00279978527724,3.0,22569,False,..\data\raw\cardboard\cardboard39.jpg
cardboard4.jpg,cardboard,JPEG,RGB,512.0,384.0,51.171053481600076,3.0,18404,False,..\data\raw\cardboard\cardboard4.jpg
cardboard40.jpg,cardboard,JPEG,RGB,512.0,384.0,47.07978817087244,3.0,22568,False,..\data\raw\cardboard\cardboard40.jpg
cardboard41.jpg,cardboard,JPEG,RGB,512.0,384.0,84.01690886782858,3.0,11422,False,..\data\raw\cardboard\cardboard41.jpg
cardboard42.jpg,cardboard,JPEG,RGB,512.0,384.0,58.09455556407812,3.0,13648,False,..\data\raw\cardboard\cardboard42.jpg
cardboard43.jpg,cardboard,JPEG,RGB,512.0,384.0,64.06423539796202,3.0,12714,False,..\data\raw\cardboard\cardboard43.jpg
cardboard44.jpg,cardboard,JPEG,RGB,512.0,384.0,51.610851606879514,3.0,22101,False,..\data\raw\cardboard\cardboard44.jpg
cardboard45.jpg,cardboard,JPEG,RGB,512.0,384.0,41.69789165968404,3.0,24572,False,..\data\raw\cardboard\cardboard45.jpg
cardboard46.jpg,cardboard,JPEG,RGB,512.0,384.0,61.171701259510854,3.0,16420,False,..\data\raw\cardboard\cardboard46.jpg
cardboard47.jpg,cardboard,JPEG,RGB,512.0,384.0,48.88021271927481,3.0,20176,False,..\data\raw\cardboard\cardboard47.jpg
cardboard48.jpg,cardboard,JPEG,RGB,512.0,384.0,42.45458122654844,3.0,24313,False,..\data\raw\cardboard\cardboard48.jpg
cardboard49.jpg,cardboard,JPEG,RGB,512.0,384.0,53.385976847440716,3.0,16077,False,..\data\raw\cardboard\cardboard49.jpg
cardboard4g.png,cardboard,PNG,RGBA,512.0,384.0,59.17885172771304,4.0,134834,False,..\data\raw\cardboard\cardboard4g.png
cardboard5.jpg,cardboard,JPEG,RGB,512.0,384.0,51.142242777411944,3.0,18932,False,..\data\raw\cardboard\cardboard5.jpg
cardboard50.jpg,cardboard,JPEG,RGB,512.0,384.0,56.640155319291964,3.0,21798,False,..\data\raw\cardboard\cardboard50.jpg
cardboard50rg.png,cardboard,PNG,RGBA,512.0,384.0,61.34134806976898,4.0,154339,False,..\data\raw\cardboard\cardboard50rg.png
cardboard51.jpg,cardboard,JPEG,RGB,512.0,384.0,45.727010961809455,3.0,21683,False,..\data\raw\cardboard\cardboard51.jpg
cardboard53.jpg,cardboard,JPEG,RGB,512.0,384.0,55.34925302444851,3.0,17354,False,..\data\raw\cardboard\cardboard53.jpg
cardboard54.jpg,cardboard,JPEG,RGB,512.0,384.0,36.35125612121431,3.0,14106,False,..\data\raw\cardboard\cardboard54.jpg
cardboard55.jpg,cardboard,JPEG,RGB,512.0,384.0,54.0257709470489,3.0,19438,False,..\data\raw\cardboard\cardboard55.jpg
cardboard56.jpg,cardboard,JPEG,RGB,512.0,384.0,56.89543278922211,3.0,19835,False,..\data\raw\cardboard\cardboard56.jpg
cardboard57.jpg,cardboard,JPEG,RGB,512.0,384.0,45.67866271429991,3.0,24299,False,..\data\raw\cardboard\cardboard57.jpg
cardboard58.jpg,cardboard,JPEG,RGB,512.0,384.0,42.481571222126526,3.0,20511,False,..\data\raw\cardboard\cardboard58.jpg
cardboard59.jpg,cardboard,JPEG,RGB,512.0,384.0,54.34981163096748,3.0,28763,False,..\data\raw\cardboard\cardboard59.jpg
cardboard6.jpg,cardboard,JPEG,RGB,512.0,384.0,39.47392445404309,3.0,14830,False,..\data\raw\cardboard\cardboard6.jpg
cardboard60.jpg,cardboard,JPEG,RGB,512.0,384.0,51.991747164283964,3.0,19491,False,..\data\raw\cardboard\cardboard60.jpg
cardboard61.jpg,cardboard,JPEG,RGB,512.0,384.0,60.36342868232693,3.0,19636,False,..\data\raw\cardboard\cardboard61.jpg
cardboard62.jpg,cardboard,JPEG,RGB,512.0,384.0,52.1542537137686,3.0,16483,False,..\data\raw\cardboard\cardboard62.jpg
cardboard63.jpg,cardboard,JPEG,RGB,512.0,384.0,35.52002673619226,3.0,12126,False,..\data\raw\cardboard\cardboard63.jpg
cardboard64.jpg,cardboard,JPEG,RGB,512.0,384.0,49.35491306608589,3.0,17053,False,..\data\raw\cardboard\cardboard64.jpg
cardboard65.jpg,cardboard,JPEG,RGB,512.0,384.0,83.11229496286275,3.0,20651,False,..\data\raw\cardboard\cardboard65.jpg
cardboard66.jpg,cardboard,JPEG,RGB,512.0,384.0,47.58109419879009,3.0,26149,False,..\data\raw\cardboard\cardboard66.jpg
cardboard67.jpg,cardboard,JPEG,RGB,512.0,384.0,50.477641200278846,3.0,12192,False,..\data\raw\cardboard\cardboard67.jpg
cardboard68.jpg,cardboard,JPEG,RGB,512.0,384.0,39.813198178608125,3.0,20169,False,..\data\raw\cardboard\cardboard68.jpg
cardboard69.jpg,cardboard,JPEG,RGB,512.0,384.0,39.583048834584346,3.0,22891,False,..\data\raw\cardboard\cardboard69.jpg
cardboard7.jpg,cardboard,JPEG,RGB,512.0,384.0,46.45869017819247,3.0,20160,False,..\data\raw\cardboard\cardboard7.jpg
cardboard70.jpg,cardboard,JPEG,RGB,40.0,40.0,63.88791518125002,3.0,1773,False,..\data\raw\cardboard\cardboard70.jpg
cardboard71.jpg,cardboard,JPEG,RGB,512.0,384.0,49.2890447418338,3.0,22412,False,..\data\raw\cardboard\cardboard71.jpg
cardboard72.jpg,cardboard,JPEG,RGB,512.0,384.0,35.94752870913818,3.0,22135,False,..\data\raw\cardboard\cardboard72.jpg
cardboard73.jpg,cardboard,JPEG,RGB,512.0,384.0,44.94415800564188,3.0,21533,False,..\data\raw\cardboard\cardboard73.jpg
cardboard74.jpg,cardboard,JPEG,RGB,512.0,384.0,49.154848581486974,3.0,20912,False,..\data\raw\cardboard\cardboard74.jpg
cardboard75.jpg,cardboard,JPEG,RGB,512.0,384.0,51.43710737244626,3.0,12378,False,..\data\raw\cardboard\cardboard75.jpg
cardboard76.jpg,cardboard,JPEG,RGB,512.0,384.0,57.03531768796083,3.0,18714,False,..\data\raw\cardboard\cardboard76.jpg
cardboard77.jpg,cardboard,JPEG,RGB,512.0,384.0,30.44233504483319,3.0,14976,False,..\data\raw\cardboard\cardboard77.jpg
cardboard78.jpg,cardboard,JPEG,RGB,512.0,384.0,38.99966289276707,3.0,17360,False,..\data\raw\cardboard\cardboard78.jpg
cardboard79.jpg,cardboard,JPEG,RGB,512.0,384.0,45.74448901009238,3.0,25182,False,..\data\raw\cardboard\cardboard79.jpg
cardboard8.jpg,cardboard,JPEG,RGB,512.0,384.0,73.96794173587692,3.0,15224,False,..\data\raw\cardboard\cardboard8.jpg
cardboard80.jpg,cardboard,JPEG,RGB,512.0,384.0,34.68813651154441,3.0,16017,False,..\data\raw\cardboard\cardboard80.jpg
cardboard81.jpg,cardboard,JPEG,RGB,512.0,384.0,51.057806998237815,3.0,25709,False,..\data\raw\cardboard\cardboard81.jpg
cardboard82.jpg,cardboard,JPEG,RGB,512.0,384.0,45.45474568161491,3.0,21596,False,..\data\raw\cardboard\cardboard82.jpg
cardboard83.jpg,cardboard,,,,,,,20888,True,..\data\raw\cardboard\cardboard83.jpg
cardboard84.jpg,cardboard,JPEG,RGB,512.0,384.0,49.84958669558541,3.0,30190,False,..\data\raw\cardboard\cardboard84.jpg
cardboard85.jpg,cardboard,JPEG,RGB,512.0,384.0,65.22303879430704,3.0,14906,False,..\data\raw\cardboard\cardboard85.jpg
cardboard85g.png,cardboard,PNG,RGBA,512.0,384.0,66.88115630290471,4.0,125947,False,..\data\raw\cardboard\cardboard85g.png
cardboard86.jpg,cardboard,JPEG,RGB,512.0,384.0,35.91652259209913,3.0,10110,False,..\data\raw\cardboard\cardboard86.jpg
cardboard86d.jpg,cardboard,JPEG,RGB,512.0,384.0,56.02965735630455,3.0,14465,False,..\data\raw\cardboard\cardboard86d.jpg
cardboard87.jpg,cardboard,JPEG,RGB,512.0,384.0,43.844313775877836,3.0,20630,False,..\data\raw\cardboard\cardboard87.jpg
cardboard88.jpg,cardboard,JPEG,RGB,512.0,384.0,52.688266288458685,3.0,30796,False,..\data\raw\cardboard\cardboard88.jpg
cardboard89.jpg,cardboard,JPEG,RGB,512.0,384.0,56.69428349159105,3.0,22820,False,..\data\raw\cardboard\cardboard89.jpg
cardboard9.jpg,cardboard,JPEG,RGB,512.0,384.0,46.138022350539565,3.0,19281,False,..\data\raw\cardboard\cardboard9.jpg
cardboard90.jpg,cardboard,JPEG,RGB,512.0,384.0,39.44692545416059,3.0,23807,False,..\data\raw\cardboard\cardboard90.jpg
cardboard91.jpg,cardboard,JPEG,RGB,512.0,384.0,54.851287739284594,3.0,16638,False,..\data\raw\cardboard\cardboard91.jpg
cardboard92.jpg,cardboard,JPEG,RGB,512.0,384.0,37.959713343377175,3.0,26722,False,..\data\raw\cardboard\cardboard92.jpg
cardboard93.jpg,cardboard,JPEG,RGB,512.0,384.0,51.398628057785466,3.0,19565,False,..\data\raw\cardboard\cardboard93.jpg
cardboard94.jpg,cardboard,JPEG,RGB,512.0,384.0,68.66839121361308,3.0,15237,False,..\data\raw\cardboard\cardboard94.jpg
cardboard95.jpg,cardboard,JPEG,RGB,512.0,384.0,75.06773972370021,3.0,30705,False,..\data\raw\cardboard\cardboard95.jpg
cardboard96.jpg,cardboard,JPEG,RGB,512.0,384.0,50.99592817475577,3.0,19377,False,..\data\raw\cardboard\cardboard96.jpg
cardboard97.jpg,cardboard,JPEG,RGB,512.0,384.0,38.611142727107456,3.0,24485,False,..\data\raw\cardboard\cardboard97.jpg
cardboard98.jpg,cardboard,JPEG,RGB,512.0,384.0,56.50208733057557,3.0,21538,False,..\data\raw\cardboard\cardboard98.jpg
cardboard99.jpg,cardboard,JPEG,RGB,512.0,384.0,48.778657401478974,3.0,10058,False,..\data\raw\cardboard\cardboard99.jpg
image-blanche-512x384.jpg,cardboard,JPEG,RGB,512.0,384.0,1.5725364772861594,3.0,4118,False,..\data\raw\cardboard\image-blanche-512x384.jpg
image-violet-512x384.gif,cardboard,GIF,P,512.0,384.0,17.77339523056265,1.0,35880,False,..\data\raw\cardboard\image-violet-512x384.gif
glass1.jpg,glass,JPEG,RGB,512.0,384.0,51.422287705907934,3.0,8296,False,..\data\raw\glass\glass1.jpg
glass10.jpg,glass,JPEG,RGB,512.0,384.0,51.77832574880776,3.0,8722,False,..\data\raw\glass\glass10.jpg
glass100.jpg,glass,JPEG,RGB,40.0,40.0,70.10190835608493,3.0,1591,False,..\data\raw\glass\glass100.jpg
glass101.jpg,glass,JPEG,RGB,512.0,384.0,47.540787377304405,3.0,15077,False,..\data\raw\glass\glass101.jpg
glass102.jpg,glass,JPEG,RGB,512.0,384.0,39.63149068128832,3.0,12263,False,..\data\raw\glass\glass102.jpg
glass103.jpg,glass,JPEG,RGB,512.0,384.0,38.65237260450749,3.0,11362,False,..\data\raw\glass\glass103.jpg
glass104.jpg,glass,JPEG,RGB,512.0,384.0,34.558294195535545,3.0,13918,False,..\data\raw\glass\glass104.jpg
glass105.jpg,glass,JPEG,RGB,512.0,384.0,53.19010220061465,3.0,10964,False,..\data\raw\glass\glass105.jpg
glass106.jpg,glass,JPEG,RGB,512.0,384.0,33.37103163337522,3.0,11657,False,..\data\raw\glass\glass106.jpg
glass107.jpg,glass,JPEG,RGB,512.0,384.0,74.88603465924866,3.0,15764,False,..\data\raw\glass\glass107.jpg
glass108.jpg,glass,JPEG,RGB,512.0,384.0,45.29128755745482,3.0,13942,False,..\data\raw\glass\glass108.jpg
glass109.jpg,glass,JPEG,RGB,512.0,384.0,54.905132446194486,3.0,18981,False,..\data\raw\glass\glass109.jpg
glass109g.png,glass,PNG,RGBA,512.0,384.0,61.224563415368884,4.0,140256,False,..\data\raw\glass\glass109g.png
glass11.jpg,glass,JPEG,RGB,512.0,384.0,54.92238770708548,3.0,11447,False,..\data\raw\glass\glass11.jpg
glass110.jpg,glass,JPEG,RGB,512.0,384.0,47.48212156808161,3.0,20290,False,..\data\raw\glass\glass110.jpg
glass111.jpg,glass,JPEG,RGB,512.0,384.0,44.28815396727903,3.0,18009,False,..\data\raw\glass\glass111.jpg
glass112.jpg,glass,JPEG,RGB,512.0,384.0,47.29845211808904,3.0,12443,False,..\data\raw\glass\glass112.jpg
glass113.jpg,glass,JPEG,RGB,512.0,384.0,68.97789103937944,3.0,9596,False,..\data\raw\glass\glass113.jpg
glass114.jpg,glass,JPEG,RGB,512.0,384.0,58.86019194942056,3.0,12016,False,..\data\raw\glass\glass114.jpg
glass115.jpg,glass,JPEG,RGB,512.0,384.0,37.5761958841581,3.0,8672,False,..\data\raw\glass\glass115.jpg
glass116.jpg,glass,JPEG,RGB,512.0,384.0,37.82538540682934,3.0,17865,False,..\data\raw\glass\glass116.jpg
glass117.jpg,glass,JPEG,RGB,512.0,384.0,64.81564033250166,3.0,23210,False,..\data\raw\glass\glass117.jpg
glass117g.png,glass,PNG,RGBA,512.0,384.0,68.79910915556266,4.0,140066,False,..\data\raw\glass\glass117g.png
glass118.jpg,glass,JPEG,RGB,512.0,384.0,81.24397776365423,3.0,15497,False,..\data\raw\glass\glass118.jpg
glass119.jpg,glass,JPEG,RGB,512.0,384.0,78.3005113898,3.0,12299,False,..\data\raw\glass\glass119.jpg
glass11g.png,glass,PNG,RGBA,512.0,384.0,52.568655077899884,4.0,77781,False,..\data\raw\glass\glass11g.png
glass12.jpg,glass,JPEG,RGB,512.0,384.0,14.113713974727073,3.0,7488,False,..\data\raw\glass\glass12.jpg
glass120.jpg,glass,JPEG,RGB,512.0,384.0,64.61914644275396,3.0,9169,False,..\data\raw\glass\glass120.jpg
glass121.jpg,glass,JPEG,RGB,512.0,384.0,71.46730464717984,3.0,15901,False,..\data\raw\glass\glass121.jpg
glass122.jpg,glass,JPEG,RGB,512.0,384.0,74.50865788459956,3.0,24163,False,..\data\raw\glass\glass122.jpg
glass123.jpg,glass,JPEG,RGB,512.0,384.0,39.222799723444865,3.0,17459,False,..\data\raw\glass\glass123.jpg
glass124.jpg,glass,JPEG,RGB,512.0,384.0,33.15827381677098,3.0,13109,False,..\data\raw\glass\glass124.jpg
glass125.jpg,glass,JPEG,RGB,512.0,384.0,62.45099406907457,3.0,14658,False,..\data\raw\glass\glass125.jpg
glass126.jpg,glass,JPEG,RGB,512.0,384.0,43.922369106628054,3.0,11835,False,..\data\raw\glass\glass126.jpg
glass127.jpg,glass,JPEG,RGB,512.0,384.0,42.219591105539386,3.0,8482,False,..\data\raw\glass\glass127.jpg
glass128.jpg,glass,JPEG,RGB,512.0,384.0,51.680600794928964,3.0,16107,False,..\data\raw\glass\glass128.jpg
glass129.jpg,glass,JPEG,RGB,512.0,384.0,79.75725660417864,3.0,13854,False,..\data\raw\glass\glass129.jpg
glass12er.jpg,glass,JPEG,RGB,512.0,384.0,57.30873229464388,3.0,39784,False,..\data\raw\glass\glass12er.jpg
glass13.jpg,glass,JPEG,RGB,512.0,384.0,13.001910437156385,3.0,7656,False,..\data\raw\glass\glass13.jpg
glass130.jpg,glass,JPEG,RGB,512.0,384.0,64.97482752154266,3.0,11255,False,..\data\raw\glass\glass130.jpg
glass131.jpg,glass,JPEG,RGB,512.0,384.0,46.55851472014331,3.0,12745,False,..\data\raw\glass\glass131.jpg
glass132.jpg,glass,JPEG,RGB,512.0,384.0,54.50638733569955,3.0,9178,False,..\data\raw\glass\glass132.jpg
glass133.jpg,glass,JPEG,RGB,512.0,384.0,65.67975709646403,3.0,11332,False,..\data\raw\glass\glass133.jpg
glass134.jpg,glass,JPEG,RGB,512.0,384.0,53.457840044431514,3.0,14359,False,..\data\raw\glass\glass134.jpg
glass135.jpg,glass,JPEG,RGB,512.0,384.0,48.5111738381145,3.0,14494,False,..\data\raw\glass\glass135.jpg
glass136.jpg,glass,JPEG,RGB,512.0,384.0,46.007182970450295,3.0,10563,False,..\data\raw\glass\glass136.jpg
glass137.jpg,glass,JPEG,RGB,512.0,384.0,36.22872659739023,3.0,17528,False,..\data\raw\glass\glass137.jpg
glass138.jpg,glass,JPEG,RGB,512.0,384.0,38.49645879687882,3.0,17359,False,..\data\raw\glass\glass138.jpg
glass139.jpg,glass,JPEG,RGB,512.0,384.0,32.25020200933972,3.0,15950,False,..\data\raw\glass\glass139.jpg
glass14.jpg,glass,JPEG,RGB,512.0,384.0,18.495063420312203,3.0,7908,False,..\data\raw\glass\glass14.jpg
glass140.jpg,glass,JPEG,RGB,512.0,384.0,45.77341546402264,3.0,9496,False,..\data\raw\glass\glass140.jpg
glass141.jpg,glass,JPEG,RGB,512.0,384.0,68.06543894433288,3.0,12554,False,..\data\raw\glass\glass141.jpg
glass142.jpg,glass,JPEG,RGB,512.0,384.0,80.18657012219627,3.0,15385,False,..\data\raw\glass\glass142.jpg
glass143.jpg,glass,JPEG,RGB,512.0,384.0,79.3660700696045,3.0,11909,False,..\data\raw\glass\glass143.jpg
glass144.jpg,glass,JPEG,RGB,512.0,384.0,44.65245635582701,3.0,13899,False,..\data\raw\glass\glass144.jpg
glass145.jpg,glass,JPEG,RGB,512.0,384.0,69.7920961174861,3.0,17124,False,..\data\raw\glass\glass145.jpg
glass146.jpg,glass,JPEG,RGB,512.0,384.0,60.17960911490604,3.0,10884,False,..\data\raw\glass\glass146.jpg
glass147.jpg,glass,JPEG,RGB,512.0,384.0,37.470873844645794,3.0,10263,False,..\data\raw\glass\glass147.jpg
glass148.jpg,glass,JPEG,RGB,512.0,384.0,50.30544350611809,3.0,16607,False,..\data\raw\glass\glass148.jpg
glass149.jpg,glass,JPEG,RGB,512.0,384.0,39.373035652994844,3.0,12651,False,..\data\raw\glass\glass149.jpg
glass15.jpg,glass,JPEG,RGB,48.0,32.0,17.324620492881333,3.0,924,False,..\data\raw\glass\glass15.jpg
glass150.jpg,glass,JPEG,RGB,512.0,384.0,34.542722374184656,3.0,18031,False,..\data\raw\glass\glass150.jpg
glass151.jpg,glass,JPEG,RGB,512.0,384.0,66.47080158619575,3.0,17020,False,..\data\raw\glass\glass151.jpg
glass152.jpg,glass,JPEG,RGB,512.0,384.0,72.87362714538499,3.0,13921,False,..\data\raw\glass\glass152.jpg
glass153.jpg,glass,JPEG,RGB,512.0,384.0,48.92867165657818,3.0,14910,False,..\data\raw\glass\glass153.jpg
glass154.jpg,glass,JPEG,RGB,512.0,384.0,70.89166369239298,3.0,16340,False,..\data\raw\glass\glass154.jpg
glass155.jpg,glass,JPEG,RGB,512.0,384.0,45.3981141811362,3.0,11916,False,..\data\raw\glass\glass155.jpg
glass156.jpg,glass,JPEG,RGB,512.0,384.0,53.02895628091635,3.0,18872,False,..\data\raw\glass\glass156.jpg
glass157.jpg,glass,JPEG,RGB,512.0,384.0,58.269442529491464,3.0,16076,False,..\data\raw\glass\glass157.jpg
glass158.jpg,glass,JPEG,RGB,512.0,384.0,52.708909932139285,3.0,12011,False,..\data\raw\glass\glass158.jpg
glass159.jpg,glass,JPEG,RGB,512.0,384.0,66.51998109587977,3.0,15697,False,..\data\raw\glass\glass159.jpg
glass16.jpg,glass,JPEG,RGB,512.0,384.0,16.160845237471328,3.0,9424,False,..\data\raw\glass\glass16.jpg
glass160.jpg,glass,JPEG,RGB,512.0,384.0,37.98920530886575,3.0,14151,False,..\data\raw\glass\glass160.jpg
glass161.jpg,glass,JPEG,RGB,512.0,384.0,52.33439362661262,3.0,10199,False,..\data\raw\glass\glass161.jpg
glass162.jpg,glass,JPEG,RGB,512.0,384.0,81.014034536798,3.0,14615,False,..\data\raw\glass\glass162.jpg
glass163.jpg,glass,JPEG,RGB,512.0,384.0,60.40596503932939,3.0,19421,False,..\data\raw\glass\glass163.jpg
glass164.jpg,glass,JPEG,RGB,512.0,384.0,63.50176672742696,3.0,14163,False,..\data\raw\glass\glass164.jpg
glass165.jpg,glass,JPEG,RGB,512.0,384.0,39.77230193520125,3.0,18509,False,..\data\raw\glass\glass165.jpg
glass166.jpg,glass,JPEG,RGB,512.0,384.0,51.00897635264043,3.0,10752,False,..\data\raw\glass\glass166.jpg
glass167.jpg,glass,JPEG,RGB,512.0,384.0,85.80546017420414,3.0,12879,False,..\data\raw\glass\glass167.jpg
glass168.jpg,glass,JPEG,RGB,512.0,384.0,43.14986599961719,3.0,13508,False,..\data\raw\glass\glass168.jpg
glass169.jpg,glass,JPEG,RGB,512.0,384.0,27.046069116599174,3.0,11699,False,..\data\raw\glass\glass169.jpg
glass17.jpg,glass,JPEG,RGB,512.0,384.0,66.58105037993461,3.0,19880,False,..\data\raw\glass\glass17.jpg
glass170.jpg,glass,JPEG,RGB,512.0,384.0,30.320073535838873,3.0,9648,False,..\data\raw\glass\glass170.jpg
glass171.jpg,glass,JPEG,RGB,512.0,384.0,24.98283328205373,3.0,11183,False,..\data\raw\glass\glass171.jpg
glass172.jpg,glass,JPEG,RGB,512.0,384.0,32.186089268861004,3.0,10672,False,..\data\raw\glass\glass172.jpg
glass173.jpg,glass,JPEG,RGB,512.0,384.0,39.318531258996565,3.0,8991,False,..\data\raw\glass\glass173.jpg
glass174.jpg,glass,JPEG,RGB,512.0,384.0,41.48592419725066,3.0,16389,False,..\data\raw\glass\glass174.jpg
glass175.jpg,glass,JPEG,RGB,512.0,384.0,36.10876285573022,3.0,9359,False,..\data\raw\glass\glass175.jpg
glass176.jpg,glass,JPEG,RGB,512.0,384.0,37.22302673550009,3.0,16192,False,..\data\raw\glass\glass176.jpg
glass177.jpg,glass,JPEG,RGB,512.0,384.0,44.06316409641319,3.0,17748,False,..\data\raw\glass\glass177.jpg
glass178.jpg,glass,JPEG,RGB,512.0,384.0,12.546321778022604,3.0,8661,False,..\data\raw\glass\glass178.jpg
glass179.jpg,glass,JPEG,RGB,512.0,384.0,82.75139404855567,3.0,9760,False,..\data\raw\glass\glass179.jpg
glass18.jpg,glass,JPEG,RGB,512.0,384.0,37.48105196130657,3.0,11869,False,..\data\raw\glass\glass18.jpg
glass180.jpg,glass,JPEG,RGB,512.0,384.0,17.208479132302802,3.0,8978,False,..\data\raw\glass\glass180.jpg
glass19.jpg,glass,JPEG,RGB,512.0,384.0,67.79546670013322,3.0,13320,False,..\data\raw\glass\glass19.jpg
glass2.jpg,glass,JPEG,RGB,512.0,384.0,18.785823133059676,3.0,10989,False,..\data\raw\glass\glass2.jpg
glass20.jpg,glass,JPEG,RGB,512.0,384.0,66.45057320244658,3.0,15006,False,..\data\raw\glass\glass20.jpg
glass20g.png,glass,PNG,RGBA,512.0,384.0,68.20703416540773,4.0,106683,False,..\data\raw\glass\glass20g.png
glass21.jpg,glass,JPEG,RGB,32.0,32.0,51.57431718525614,3.0,1349,False,..\data\raw\glass\glass21.jpg
glass22.jpg,glass,JPEG,RGB,512.0,384.0,61.521767040253636,3.0,11488,False,..\data\raw\glass\glass22.jpg
glass23.jpg,glass,JPEG,RGB,32.0,32.0,54.75670755620414,3.0,1254,False,..\data\raw\glass\glass23.jpg
glass24.jpg,glass,JPEG,RGB,512.0,384.0,41.593485670794465,3.0,8371,False,..\data\raw\glass\glass24.jpg
glass25.jpg,glass,JPEG,RGB,512.0,384.0,34.302469385785116,3.0,14740,False,..\data\raw\glass\glass25.jpg
glass26.jpg,glass,JPEG,RGB,512.0,384.0,57.1172835519773,3.0,15256,False,..\data\raw\glass\glass26.jpg
glass27.jpg,glass,JPEG,RGB,512.0,384.0,73.00663185083731,3.0,18854,False,..\data\raw\glass\glass27.jpg
glass28.jpg,glass,JPEG,RGB,512.0,384.0,62.394249869555274,3.0,16138,False,..\data\raw\glass\glass28.jpg
glass29.jpg,glass,JPEG,RGB,512.0,384.0,41.01419302277849,3.0,9721,False,..\data\raw\glass\glass29.jpg
glass3.jpg,glass,JPEG,RGB,512.0,384.0,18.546554632628037,3.0,8647,False,..\data\raw\glass\glass3.jpg
glass30.jpg,glass,JPEG,RGB,512.0,384.0,61.9581825570445,3.0,10178,False,..\data\raw\glass\glass30.jpg
glass31.jpg,glass,JPEG,RGB,512.0,384.0,38.33125050496559,3.0,18292,False,..\data\raw\glass\glass31.jpg
glass32.jpg,glass,JPEG,RGB,512.0,384.0,37.3593310881145,3.0,8982,False,..\data\raw\glass\glass32.jpg
glass33.jpg,glass,JPEG,RGB,512.0,384.0,79.00437360947701,3.0,11718,False,..\data\raw\glass\glass33.jpg
glass34.jpg,glass,JPEG,RGB,512.0,384.0,40.943159731757724,3.0,20658,False,..\data\raw\glass\glass34.jpg
glass35.jpg,glass,JPEG,RGB,512.0,384.0,39.21710692169552,3.0,24004,False,..\data\raw\glass\glass35.jpg
glass36.jpg,glass,JPEG,RGB,512.0,384.0,71.31239552390558,3.0,12122,False,..\data\raw\glass\glass36.jpg
glass37.jpg,glass,JPEG,RGB,512.0,384.0,58.176386841082206,3.0,12035,False,..\data\raw\glass\glass37.jpg
glass38.jpg,glass,JPEG,RGB,512.0,384.0,56.10471207747212,3.0,14342,False,..\data\raw\glass\glass38.jpg
glass39.jpg,glass,JPEG,RGB,512.0,384.0,38.83209075284519,3.0,17863,False,..\data\raw\glass\glass39.jpg
glass4.jpg,glass,JPEG,RGB,512.0,384.0,16.940086694870068,3.0,9164,False,..\data\raw\glass\glass4.jpg
glass40.jpg,glass,JPEG,RGB,512.0,384.0,73.22217954528364,3.0,19580,False,..\data\raw\glass\glass40.jpg
glass41.jpg,glass,JPEG,RGB,512.0,384.0,33.44459932307258,3.0,13309,False,..\data\raw\glass\glass41.jpg
glass43.jpg,glass,JPEG,RGB,512.0,384.0,48.00335907178129,3.0,16379,False,..\data\raw\glass\glass43.jpg
glass44.jpg,glass,JPEG,RGB,512.0,384.0,46.794167978798384,3.0,16238,False,..\data\raw\glass\glass44.jpg
glass45.jpg,glass,JPEG,RGB,512.0,384.0,67.44609036419192,3.0,11049,False,..\data\raw\glass\glass45.jpg
glass46.jpg,glass,JPEG,RGB,512.0,384.0,55.17514565633235,3.0,12518,False,..\data\raw\glass\glass46.jpg
glass47.jpg,glass,JPEG,RGB,512.0,384.0,50.73988582786381,3.0,11026,False,..\data\raw\glass\glass47.jpg
glass48.jpg,glass,JPEG,RGB,512.0,384.0,52.89747045762725,3.0,9845,False,..\data\raw\glass\glass48.jpg
glass49.jpg,glass,JPEG,RGB,512.0,384.0,39.26891863478119,3.0,13470,False,..\data\raw\glass\glass49.jpg
glass5.jpg,glass,JPEG,RGB,512.0,384.0,21.10934210979875,3.0,9162,False,..\data\raw\glass\glass5.jpg
glass50.jpg,glass,JPEG,RGB,512.0,384.0,38.47927116094943,3.0,17812,False,..\data\raw\glass\glass50.jpg
glass51.jpg,glass,JPEG,RGB,512.0,384.0,44.12235235740534,3.0,10351,False,..\data\raw\glass\glass51.jpg
glass52.jpg,glass,JPEG,RGB,512.0,384.0,41.798085916560524,3.0,16524,False,..\data\raw\glass\glass52.jpg
glass53.jpg,glass,JPEG,RGB,512.0,384.0,71.48975428928973,3.0,10126,False,..\data\raw\glass\glass53.jpg
glass54.jpg,glass,JPEG,RGB,512.0,384.0,66.95526251054505,3.0,19065,False,..\data\raw\glass\glass54.jpg
glass55.jpg,glass,JPEG,RGB,512.0,384.0,44.63659916812441,3.0,8231,False,..\data\raw\glass\glass55.jpg
glass56.jpg,glass,JPEG,RGB,512.0,384.0,48.18537788686235,3.0,9796,False,..\data\raw\glass\glass56.jpg
glass57.jpg,glass,JPEG,RGB,512.0,384.0,38.42342002507621,3.0,10395,False,..\data\raw\glass\glass57.jpg
glass58.jpg,glass,JPEG,RGB,512.0,384.0,41.98015930059414,3.0,11303,False,..\data\raw\glass\glass58.jpg
glass59.jpg,glass,JPEG,RGB,512.0,384.0,45.66077589627325,3.0,12660,False,..\data\raw\glass\glass59.jpg
glass6.jpg,glass,JPEG,RGB,512.0,384.0,20.965242493479767,3.0,8946,False,..\data\raw\glass\glass6.jpg
glass60.jpg,glass,JPEG,RGB,512.0,384.0,52.016235057757584,3.0,15192,False,..\data\raw\glass\glass60.jpg
glass61.jpg,glass,JPEG,RGB,512.0,384.0,59.46926789575337,3.0,19727,False,..\data\raw\glass\glass61.jpg
glass62.jpg,glass,JPEG,RGB,512.0,384.0,79.85122757129099,3.0,18027,False,..\data\raw\glass\glass62.jpg
glass63.jpg,glass,JPEG,RGB,512.0,384.0,56.50830070788277,3.0,15887,False,..\data\raw\glass\glass63.jpg
glass64.jpg,glass,JPEG,RGB,512.0,384.0,65.39185623709355,3.0,13625,False,..\data\raw\glass\glass64.jpg
glass65.jpg,glass,JPEG,RGB,512.0,384.0,63.471827411117765,3.0,25064,False,..\data\raw\glass\glass65.jpg
glass66.jpg,glass,JPEG,RGB,512.0,384.0,65.77076031291298,3.0,13831,False,..\data\raw\glass\glass66.jpg
glass67.jpg,glass,JPEG,RGB,512.0,384.0,51.42311693203093,3.0,15378,False,..\data\raw\glass\glass67.jpg
glass68.jpg,glass,JPEG,RGB,512.0,384.0,62.99791270273744,3.0,17099,False,..\data\raw\glass\glass68.jpg
glass69.jpg,glass,JPEG,RGB,512.0,384.0,51.345238787743604,3.0,8700,False,..\data\raw\glass\glass69.jpg
glass6g.png,glass,PNG,RGBA,512.0,384.0,42.684402117853836,4.0,78170,False,..\data\raw\glass\glass6g.png
glass7.jpg,glass,JPEG,RGB,512.0,384.0,65.71476367187152,3.0,10294,False,..\data\raw\glass\glass7.jpg
glass70.jpg,glass,JPEG,RGB,512.0,384.0,80.38839358243743,3.0,14394,False,..\data\raw\glass\glass70.jpg
glass71.jpg,glass,JPEG,RGB,512.0,384.0,45.93258486996449,3.0,16316,False,..\data\raw\glass\glass71.jpg
glass72.jpg,glass,JPEG,RGB,512.0,384.0,66.78221818457271,3.0,14204,False,..\data\raw\glass\glass72.jpg
glass73.jpg,glass,JPEG,RGB,512.0,384.0,65.45960648912738,3.0,10104,False,..\data\raw\glass\glass73.jpg
glass74.jpg,glass,,,,,,,7184,True,..\data\raw\glass\glass74.jpg
glass75.jpg,glass,JPEG,RGB,512.0,384.0,60.98582577426873,3.0,18134,False,..\data\raw\glass\glass75.jpg
glass75g.png,glass,PNG,RGBA,512.0,384.0,62.35163794150677,4.0,116291,False,..\data\raw\glass\glass75g.png
glass76.jpg,glass,JPEG,RGB,512.0,384.0,69.67047321009657,3.0,9175,False,..\data\raw\glass\glass76.jpg
glass77.jpg,glass,JPEG,RGB,512.0,384.0,64.56032072295707,3.0,13142,False,..\data\raw\glass\glass77.jpg
glass78.jpg,glass,JPEG,RGB,512.0,384.0,75.15390796563446,3.0,13834,False,..\data\raw\glass\glass78.jpg
glass79.jpg,glass,JPEG,RGB,512.0,384.0,68.85539498190576,3.0,10839,False,..\data\raw\glass\glass79.jpg
glass8.jpg,glass,JPEG,RGB,512.0,384.0,53.574835677062616,3.0,8121,False,..\data\raw\glass\glass8.jpg
glass80.jpg,glass,JPEG,RGB,512.0,384.0,67.00166793110422,3.0,13575,False,..\data\raw\glass\glass80.jpg
glass81.jpg,glass,JPEG,RGB,512.0,384.0,62.71021545816764,3.0,13548,False,..\data\raw\glass\glass81.jpg
glass82.jpg,glass,JPEG,RGB,512.0,384.0,56.19417391707725,3.0,10383,False,..\data\raw\glass\glass82.jpg
glass83.jpg,glass,JPEG,RGB,512.0,384.0,63.73191780870288,3.0,12765,False,..\data\raw\glass\glass83.jpg
glass84.jpg,glass,JPEG,RGB,512.0,384.0,81.84245275511152,3.0,10935,False,..\data\raw\glass\glass84.jpg
glass85.jpg,glass,JPEG,RGB,512.0,384.0,81.95117064351884,3.0,16811,False,..\data\raw\glass\glass85.jpg
glass86.jpg,glass,JPEG,RGB,512.0,384.0,52.64333067179498,3.0,16658,False,..\data\raw\glass\glass86.jpg
glass87.jpg,glass,JPEG,RGB,512.0,384.0,56.48729942384977,3.0,15081,False,..\data\raw\glass\glass87.jpg
glass88.jpg,glass,JPEG,RGB,512.0,384.0,60.47275035039575,3.0,11605,False,..\data\raw\glass\glass88.jpg
glass89.jpg,glass,JPEG,RGB,512.0,384.0,43.054381112031784,3.0,18586,False,..\data\raw\glass\glass89.jpg
glass9.jpg,glass,JPEG,RGB,512.0,384.0,58.45979523638497,3.0,12641,False,..\data\raw\glass\glass9.jpg
glass90.jpg,glass,JPEG,RGB,512.0,384.0,81.30948976743282,3.0,9089,False,..\data\raw\glass\glass90.jpg
glass91.jpg,glass,JPEG,RGB,512.0,384.0,57.26850959440293,3.0,16552,False,..\data\raw\glass\glass91.jpg
glass92.jpg,glass,JPEG,RGB,512.0,384.0,41.345794939929,3.0,13842,False,..\data\raw\glass\glass92.jpg
glass93.jpg,glass,JPEG,RGB,512.0,384.0,80.99030557994996,3.0,12261,False,..\data\raw\glass\glass93.jpg
glass94.jpg,glass,JPEG,RGB,512.0,384.0,54.98464763480971,3.0,8497,False,..\data\raw\glass\glass94.jpg
glass95.jpg,glass,JPEG,RGB,512.0,384.0,50.04555783738106,3.0,9873,False,..\data\raw\glass\glass95.jpg
glass96.jpg,glass,JPEG,RGB,512.0,384.0,58.66631439270521,3.0,13660,False,..\data\raw\glass\glass96.jpg
glass97.jpg,glass,JPEG,RGB,512.0,384.0,78.41587999252111,3.0,12684,False,..\data\raw\glass\glass97.jpg
glass98.jpg,glass,JPEG,RGB,512.0,384.0,43.08942997577808,3.0,12675,False,..\data\raw\glass\glass98.jpg
glass99.jpg,glass,JPEG,RGB,512.0,384.0,54.54449213326161,3.0,20003,False,..\data\raw\glass\glass99.jpg
image-noire-512x384.png,glass,PNG,RGBA,512.0,384.0,110.41823898251593,4.0,1575,False,..\data\raw\glass\image-noire-512x384.png
image-violet-512x384.gif,glass,GIF,P,512.0,384.0,17.77339523056265,1.0,35880,False,..\data\raw\glass\image-violet-512x384.gif
image-blanche-512x384.jpg,metal,JPEG,RGB,512.0,384.0,1.5725364772861594,3.0,4118,False,..\data\raw\metal\image-blanche-512x384.jpg
image-noire-512x384.png,metal,PNG,RGBA,512.0,384.0,110.41823898251593,4.0,1575,False,..\data\raw\metal\image-noire-512x384.png
metal1.jpg,metal,JPEG,RGB,512.0,384.0,53.84759951982596,3.0,17249,False,..\data\raw\metal\metal1.jpg
metal10.jpg,metal,JPEG,RGB,512.0,384.0,52.31636851691649,3.0,13486,False,..\data\raw\metal\metal10.jpg
metal100.jpg,metal,JPEG,RGB,512.0,384.0,66.59060468129417,3.0,20434,False,..\data\raw\metal\metal100.jpg
metal101.jpg,metal,JPEG,RGB,512.0,384.0,50.10313930787979,3.0,16220,False,..\data\raw\metal\metal101.jpg
metal103.jpg,metal,JPEG,RGB,512.0,384.0,44.46357935143685,3.0,13841,False,..\data\raw\metal\metal103.jpg
metal104.jpg,metal,JPEG,RGB,512.0,384.0,48.80569476349494,3.0,15173,False,..\data\raw\metal\metal104.jpg
metal105.jpg,metal,JPEG,RGB,512.0,384.0,67.08917590814387,3.0,15088,False,..\data\raw\metal\metal105.jpg
metal106.jpg,metal,JPEG,RGB,512.0,384.0,69.0572111490986,3.0,18517,False,..\data\raw\metal\metal106.jpg
metal107.jpg,metal,JPEG,RGB,512.0,384.0,66.47878395001058,3.0,12597,False,..\data\raw\metal\metal107.jpg
metal108.jpg,metal,JPEG,RGB,512.0,384.0,99.17980893254935,3.0,18698,False,..\data\raw\metal\metal108.jpg
metal109.jpg,metal,JPEG,RGB,512.0,384.0,59.592147591545555,3.0,11541,False,..\data\raw\metal\metal109.jpg
metal11.jpg,metal,JPEG,RGB,512.0,384.0,59.23840207743332,3.0,21433,False,..\data\raw\metal\metal11.jpg
metal110.jpg,metal,JPEG,RGB,512.0,384.0,58.37968538557364,3.0,19369,False,..\data\raw\metal\metal110.jpg
metal111.jpg,metal,JPEG,RGB,512.0,384.0,69.20229648314567,3.0,30944,False,..\data\raw\metal\metal111.jpg
metal112.jpg,metal,JPEG,RGB,512.0,384.0,74.13643281636551,3.0,17170,False,..\data\raw\metal\metal112.jpg
metal113.jpg,metal,JPEG,RGB,512.0,384.0,44.92449582185468,3.0,17830,False,..\data\raw\metal\metal113.jpg
metal114.jpg,metal,JPEG,RGB,512.0,384.0,67.37368951677718,3.0,36821,False,..\data\raw\metal\metal114.jpg
metal115.jpg,metal,JPEG,RGB,512.0,384.0,57.960401571939194,3.0,19820,False,..\data\raw\metal\metal115.jpg
metal116.jpg,metal,JPEG,RGB,512.0,384.0,33.58014539478279,3.0,9663,False,..\data\raw\metal\metal116.jpg
metal117.jpg,metal,JPEG,RGB,512.0,384.0,46.462090388301576,3.0,20143,False,..\data\raw\metal\metal117.jpg
metal118.jpg,metal,JPEG,RGB,512.0,384.0,65.6489703162024,3.0,34340,False,..\data\raw\metal\metal118.jpg
metal119.jpg,metal,JPEG,RGB,512.0,384.0,56.083061828957845,3.0,14551,False,..\data\raw\metal\metal119.jpg
metal12.jpg,metal,JPEG,RGB,512.0,384.0,67.5551839538409,3.0,9528,False,..\data\raw\metal\metal12.jpg
metal120.jpg,metal,JPEG,RGB,512.0,384.0,57.3907592167334,3.0,31025,False,..\data\raw\metal\metal120.jpg
metal121.jpg,metal,JPEG,RGB,48.0,32.0,35.56701949797069,3.0,1169,False,..\data\raw\metal\metal121.jpg
metal122.jpg,metal,JPEG,RGB,512.0,384.0,45.31009437947105,3.0,17261,False,..\data\raw\metal\metal122.jpg
metal123.jpg,metal,JPEG,RGB,512.0,384.0,50.86169159210439,3.0,19260,False,..\data\raw\metal\metal123.jpg
metal124.jpg,metal,JPEG,RGB,512.0,384.0,47.18312569169624,3.0,10993,False,..\data\raw\metal\metal124.jpg
metal125.jpg,metal,JPEG,RGB,512.0,384.0,42.59700466202909,3.0,13674,False,..\data\raw\metal\metal125.jpg
metal125po.jpg,metal,JPEG,RGB,512.0,384.0,42.59700466202909,3.0,13674,False,..\data\raw\metal\metal125po.jpg
metal126.jpg,metal,JPEG,RGB,512.0,384.0,50.28060076924827,3.0,18365,False,..\data\raw\metal\metal126.jpg
metal127.jpg,metal,JPEG,RGB,512.0,384.0,88.6706874251851,3.0,14051,False,..\data\raw\metal\metal127.jpg
metal128.jpg,metal,JPEG,RGB,512.0,384.0,62.392109625457,3.0,16970,False,..\data\raw\metal\metal128.jpg
metal129.jpg,metal,JPEG,RGB,512.0,384.0,70.89210320895475,3.0,15072,False,..\data\raw\metal\metal129.jpg
metal13.jpg,metal,JPEG,RGB,512.0,384.0,64.67328788433952,3.0,18891,False,..\data\raw\metal\metal13.jpg
metal130.jpg,metal,JPEG,RGB,512.0,384.0,49.65431602962537,3.0,15792,False,..\data\raw\metal\metal130.jpg
metal131.jpg,metal,JPEG,RGB,512.0,384.0,45.17187125466299,3.0,10156,False,..\data\raw\metal\metal131.jpg
metal132.jpg,metal,JPEG,RGB,512.0,384.0,54.399257557869795,3.0,22508,False,..\data\raw\metal\metal132.jpg
metal133.jpg,metal,JPEG,RGB,512.0,384.0,55.585445727113516,3.0,16955,False,..\data\raw\metal\metal133.jpg
metal134.jpg,metal,JPEG,RGB,512.0,384.0,62.70552399788026,3.0,14459,False,..\data\raw\metal\metal134.jpg
metal135.jpg,metal,JPEG,RGB,512.0,384.0,67.52416189127801,3.0,14032,False,..\data\raw\metal\metal135.jpg
metal136.jpg,metal,JPEG,RGB,512.0,384.0,43.293064919254896,3.0,11671,False,..\data\raw\metal\metal136.jpg
metal137.jpg,metal,JPEG,RGB,512.0,384.0,77.95653295273372,3.0,21888,False,..\data\raw\metal\metal137.jpg
metal138.jpg,metal,JPEG,RGB,512.0,384.0,39.48075644683973,3.0,23407,False,..\data\raw\metal\metal138.jpg
metal139.jpg,metal,JPEG,RGB,512.0,384.0,62.94934622851146,3.0,20459,False,..\data\raw\metal\metal139.jpg
metal13z.jpg,metal,PNG,RGBA,512.0,384.0,62.21271456576427,4.0,126586,False,..\data\raw\metal\metal13z.jpg
metal14.jpg,metal,JPEG,RGB,512.0,384.0,77.63209074498391,3.0,25866,False,..\data\raw\metal\metal14.jpg
metal140.jpg,metal,JPEG,RGB,512.0,384.0,52.0784964660633,3.0,19180,False,..\data\raw\metal\metal140.jpg
metal15.jpg,metal,JPEG,RGB,512.0,384.0,46.960012329153535,3.0,19120,False,..\data\raw\metal\metal15.jpg
metal150.jpg,metal,JPEG,RGB,512.0,384.0,51.76241636355337,3.0,21913,False,..\data\raw\metal\metal150.jpg
metal16.jpg,metal,JPEG,RGB,512.0,384.0,57.21618309808918,3.0,33722,False,..\data\raw\metal\metal16.jpg
metal17.jpg,metal,JPEG,RGB,512.0,384.0,31.939749562286462,3.0,12307,False,..\data\raw\metal\metal17.jpg
metal18.jpg,metal,JPEG,RGB,512.0,384.0,40.71737168856762,3.0,10994,False,..\data\raw\metal\metal18.jpg
metal19.jpg,metal,JPEG,RGB,512.0,384.0,73.10058356396856,3.0,13484,False,..\data\raw\metal\metal19.jpg
metal2.jpg,metal,JPEG,RGB,32.0,32.0,49.339947685600876,3.0,1116,False,..\data\raw\metal\metal2.jpg
metal20.jpg,metal,JPEG,RGB,512.0,384.0,66.02120594253925,3.0,22124,False,..\data\raw\metal\metal20.jpg
metal21.jpg,metal,JPEG,RGB,512.0,384.0,50.84328306730429,3.0,15461,False,..\data\raw\metal\metal21.jpg
metal22.jpg,metal,JPEG,RGB,512.0,384.0,47.05126099496271,3.0,17349,False,..\data\raw\metal\metal22.jpg
metal23.jpg,metal,JPEG,RGB,512.0,384.0,72.63357555477799,3.0,20092,False,..\data\raw\metal\metal23.jpg
metal23rer.png,metal,PNG,RGBA,512.0,384.0,74.81205043552083,4.0,124456,False,..\data\raw\metal\metal23rer.png
metal24.jpg,metal,JPEG,RGB,512.0,384.0,42.05040345565814,3.0,18884,False,..\data\raw\metal\metal24.jpg
metal25.jpg,metal,JPEG,RGB,512.0,384.0,64.17475109920511,3.0,21524,False,..\data\raw\metal\metal25.jpg
metal26.jpg,metal,JPEG,RGB,40.0,40.0,62.174044176576075,3.0,1667,False,..\data\raw\metal\metal26.jpg
metal27.jpg,metal,JPEG,RGB,512.0,384.0,47.41337366176362,3.0,21674,False,..\data\raw\metal\metal27.jpg
metal28.jpg,metal,JPEG,RGB,512.0,384.0,57.94298463450223,3.0,17392,False,..\data\raw\metal\metal28.jpg
metal29.jpg,metal,JPEG,RGB,512.0,384.0,50.97816738853493,3.0,17243,False,..\data\raw\metal\metal29.jpg
metal3.jpg,metal,JPEG,RGB,512.0,384.0,35.89489410508083,3.0,9264,False,..\data\raw\metal\metal3.jpg
metal30.jpg,metal,JPEG,RGB,512.0,384.0,73.93722098770854,3.0,16035,False,..\data\raw\metal\metal30.jpg
metal31.jpg,metal,JPEG,RGB,512.0,384.0,85.89829969091734,3.0,22657,False,..\data\raw\metal\metal31.jpg
metal32.jpg,metal,JPEG,RGB,512.0,384.0,44.79635657280986,3.0,14000,False,..\data\raw\metal\metal32.jpg
metal33.jpg,metal,JPEG,RGB,512.0,384.0,74.26358640454988,3.0,18518,False,..\data\raw\metal\metal33.jpg
metal34.jpg,metal,JPEG,RGB,512.0,384.0,58.84391702475796,3.0,16000,False,..\data\raw\metal\metal34.jpg
metal35.jpg,metal,JPEG,RGB,512.0,384.0,81.55876218725184,3.0,22647,False,..\data\raw\metal\metal35.jpg
metal35rt.jpg,metal,JPEG,RGB,512.0,384.0,81.55876218725184,3.0,22647,False,..\data\raw\metal\metal35rt.jpg
metal36.jpg,metal,JPEG,RGB,512.0,384.0,89.13315707862135,3.0,19199,False,..\data\raw\metal\metal36.jpg
metal37.jpg,metal,JPEG,RGB,512.0,384.0,31.358260525825994,3.0,10894,False,..\data\raw\metal\metal37.jpg
metal38.jpg,metal,JPEG,RGB,512.0,384.0,63.833246701188266,3.0,13519,False,..\data\raw\metal\metal38.jpg
metal39.jpg,metal,JPEG,RGB,512.0,384.0,41.650298963315066,3.0,14905,False,..\data\raw\metal\metal39.jpg
metal4.jpg,metal,JPEG,RGB,512.0,384.0,32.21050977740325,3.0,7606,False,..\data\raw\metal\metal4.jpg
metal40.jpg,metal,JPEG,RGB,512.0,384.0,48.00364939577153,3.0,22220,False,..\data\raw\metal\metal40.jpg
metal41.jpg,metal,JPEG,RGB,512.0,384.0,66.128245304976,3.0,13620,False,..\data\raw\metal\metal41.jpg
metal42.jpg,metal,JPEG,RGB,512.0,384.0,60.70315486382724,3.0,29519,False,..\data\raw\metal\metal42.jpg
metal43.jpg,metal,JPEG,RGB,512.0,384.0,59.23006696513792,3.0,19852,False,..\data\raw\metal\metal43.jpg
metal44.jpg,metal,JPEG,RGB,512.0,384.0,73.69477901537633,3.0,28400,False,..\data\raw\metal\metal44.jpg
metal45.jpg,metal,JPEG,RGB,512.0,384.0,70.3862222267083,3.0,12497,False,..\data\raw\metal\metal45.jpg
metal46.jpg,metal,JPEG,RGB,512.0,384.0,59.49840506217463,3.0,40890,False,..\data\raw\metal\metal46.jpg
metal47.jpg,metal,JPEG,RGB,512.0,384.0,65.29218248339089,3.0,13220,False,..\data\raw\metal\metal47.jpg
metal48.jpg,metal,,,,,,,7259,True,..\data\raw\metal\metal48.jpg
metal49.jpg,metal,JPEG,RGB,512.0,384.0,57.194873849615306,3.0,16657,False,..\data\raw\metal\metal49.jpg
metal5.jpg,metal,JPEG,RGB,512.0,384.0,35.190810585958815,3.0,22325,False,..\data\raw\metal\metal5.jpg
metal50.jpg,metal,JPEG,RGB,512.0,384.0,50.6246733189349,3.0,28692,False,..\data\raw\metal\metal50.jpg
metal51.jpg,metal,JPEG,RGB,512.0,384.0,48.15116666101688,3.0,11882,False,..\data\raw\metal\metal51.jpg
metal52.jpg,metal,JPEG,RGB,512.0,384.0,60.169586869872674,3.0,41167,False,..\data\raw\metal\metal52.jpg
metal53.jpg,metal,JPEG,RGB,512.0,384.0,62.123447998277925,3.0,15063,False,..\data\raw\metal\metal53.jpg
metal54.jpg,metal,JPEG,RGB,512.0,384.0,67.96210747037632,3.0,21446,False,..\data\raw\metal\metal54.jpg
metal55.jpg,metal,JPEG,RGB,512.0,384.0,69.04077278550345,3.0,27598,False,..\data\raw\metal\metal55.jpg
metal56.jpg,metal,JPEG,RGB,512.0,384.0,69.53129730655321,3.0,12369,False,..\data\raw\metal\metal56.jpg
metal57.jpg,metal,JPEG,RGB,512.0,384.0,47.663776799566776,3.0,17414,False,..\data\raw\metal\metal57.jpg
metal58.jpg,metal,JPEG,RGB,512.0,384.0,62.792383746530106,3.0,10589,False,..\data\raw\metal\metal58.jpg
metal59.jpg,metal,JPEG,RGB,512.0,384.0,46.94822237318082,3.0,11461,False,..\data\raw\metal\metal59.jpg
metal6.jpg,metal,JPEG,RGB,512.0,384.0,30.880501013775895,3.0,6369,False,..\data\raw\metal\metal6.jpg
metal60.jpg,metal,JPEG,RGB,512.0,384.0,70.43072330509709,3.0,13589,False,..\data\raw\metal\metal60.jpg
metal61.jpg,metal,JPEG,RGB,512.0,384.0,71.74743826968844,3.0,41735,False,..\data\raw\metal\metal61.jpg
metal62.jpg,metal,JPEG,RGB,512.0,384.0,58.59002611337111,3.0,17394,False,..\data\raw\metal\metal62.jpg
metal62rt.jpg,metal,PNG,RGBA,512.0,384.0,62.47320420922082,4.0,100617,False,..\data\raw\metal\metal62rt.jpg
metal63.jpg,metal,JPEG,RGB,512.0,384.0,59.44095481127198,3.0,14100,False,..\data\raw\metal\metal63.jpg
metal64.jpg,metal,JPEG,RGB,512.0,384.0,71.90862177385593,3.0,17222,False,..\data\raw\metal\metal64.jpg
metal65.jpg,metal,JPEG,RGB,512.0,384.0,69.52904689996272,3.0,23397,False,..\data\raw\metal\metal65.jpg
metal66.jpg,metal,JPEG,RGB,512.0,384.0,60.10171693131508,3.0,14840,False,..\data\raw\metal\metal66.jpg
metal67.jpg,metal,JPEG,RGB,512.0,384.0,54.686985011018514,3.0,14294,False,..\data\raw\metal\metal67.jpg
metal68.jpg,metal,JPEG,RGB,512.0,384.0,52.76324014342384,3.0,18715,False,..\data\raw\metal\metal68.jpg
metal69.jpg,metal,JPEG,RGB,512.0,384.0,40.263532017656004,3.0,11483,False,..\data\raw\metal\metal69.jpg
metal7.jpg,metal,JPEG,RGB,512.0,384.0,35.4840238624794,3.0,10458,False,..\data\raw\metal\metal7.jpg
metal70.jpg,metal,JPEG,RGB,512.0,384.0,56.734253033816024,3.0,18531,False,..\data\raw\metal\metal70.jpg
metal70er.png,metal,PNG,RGBA,512.0,384.0,61.94769937740358,4.0,114379,False,..\data\raw\metal\metal70er.png
metal71.jpg,metal,JPEG,RGB,512.0,384.0,67.23535758249106,3.0,25326,False,..\data\raw\metal\metal71.jpg
metal72.jpg,metal,JPEG,RGB,512.0,384.0,56.394599474209556,3.0,27292,False,..\data\raw\metal\metal72.jpg
metal73.jpg,metal,JPEG,RGB,512.0,384.0,62.39607260193819,3.0,14524,False,..\data\raw\metal\metal73.jpg
metal74.jpg,metal,JPEG,RGB,512.0,384.0,58.60015586511519,3.0,26838,False,..\data\raw\metal\metal74.jpg
metal75.jpg,metal,JPEG,RGB,512.0,384.0,54.571695084830395,3.0,27855,False,..\data\raw\metal\metal75.jpg
metal76.jpg,metal,JPEG,RGB,512.0,384.0,90.35855237965431,3.0,22172,False,..\data\raw\metal\metal76.jpg
metal77.jpg,metal,JPEG,RGB,512.0,384.0,64.25278566668365,3.0,37407,False,..\data\raw\metal\metal77.jpg
metal78.jpg,metal,JPEG,RGB,512.0,384.0,56.35349666070083,3.0,13116,False,..\data\raw\metal\metal78.jpg
metal79.jpg,metal,JPEG,RGB,512.0,384.0,66.36335450183391,3.0,12544,False,..\data\raw\metal\metal79.jpg
metal8.jpg,metal,JPEG,RGB,512.0,384.0,38.46923064965609,3.0,8249,False,..\data\raw\metal\metal8.jpg
metal80.jpg,metal,JPEG,RGB,512.0,384.0,55.17061501642412,3.0,17965,False,..\data\raw\metal\metal80.jpg
metal81.jpg,metal,JPEG,RGB,512.0,384.0,71.08148413479044,3.0,12657,False,..\data\raw\metal\metal81.jpg
metal82.jpg,metal,JPEG,RGB,512.0,384.0,43.95529911012242,3.0,15481,False,..\data\raw\metal\metal82.jpg
metal83.jpg,metal,JPEG,RGB,512.0,384.0,65.43469584830557,3.0,16954,False,..\data\raw\metal\metal83.jpg
metal84.jpg,metal,JPEG,RGB,512.0,384.0,76.74056520760844,3.0,22949,False,..\data\raw\metal\metal84.jpg
metal85.jpg,metal,JPEG,RGB,512.0,384.0,53.183251446556724,3.0,10863,False,..\data\raw\metal\metal85.jpg
metal86.jpg,metal,JPEG,RGB,512.0,384.0,47.280208172481366,3.0,13905,False,..\data\raw\metal\metal86.jpg
metal87.jpg,metal,JPEG,RGB,512.0,384.0,60.71505707729171,3.0,20451,False,..\data\raw\metal\metal87.jpg
metal88.jpg,metal,JPEG,RGB,512.0,384.0,82.55075613116115,3.0,21926,False,..\data\raw\metal\metal88.jpg
metal89.jpg,metal,JPEG,RGB,512.0,384.0,80.96915048930869,3.0,26697,False,..\data\raw\metal\metal89.jpg
metal9.jpg,metal,JPEG,RGB,512.0,384.0,43.66566841733718,3.0,8910,False,..\data\raw\metal\metal9.jpg
metal90.jpg,metal,JPEG,RGB,512.0,384.0,48.873660521219584,3.0,14411,False,..\data\raw\metal\metal90.jpg
metal91.jpg,metal,JPEG,RGB,512.0,384.0,37.5761958841581,3.0,8672,False,..\data\raw\metal\metal91.jpg
metal92.jpg,metal,JPEG,RGB,512.0,384.0,42.61921255513802,3.0,12382,False,..\data\raw\metal\metal92.jpg
metal93.jpg,metal,JPEG,RGB,512.0,384.0,85.19761421704764,3.0,20775,False,..\data\raw\metal\metal93.jpg
metal94.jpg,metal,JPEG,RGB,512.0,384.0,55.04383023145228,3.0,42526,False,..\data\raw\metal\metal94.jpg
metal95.jpg,metal,JPEG,RGB,512.0,384.0,68.08905163352996,3.0,12436,False,..\data\raw\metal\metal95.jpg
metal96.jpg,metal,JPEG,RGB,512.0,384.0,78.027294296852,3.0,10808,False,..\data\raw\metal\metal96.jpg
metal97.jpg,metal,JPEG,RGB,512.0,384.0,68.16916990939576,3.0,21345,False,..\data\raw\metal\metal97.jpg
metal98.jpg,metal,JPEG,RGB,512.0,384.0,55.422187119272586,3.0,19962,False,..\data\raw\metal\metal98.jpg
metal99.jpg,metal,JPEG,RGB,512.0,384.0,63.74518558617338,3.0,13732,False,..\data\raw\metal\metal99.jpg
metalyu65.jpg,metal,JPEG,RGB,512.0,384.0,69.52904689996272,3.0,23397,False,..\data\raw\metal\metalyu65.jpg
paper1.jpg,paper,JPEG,RGB,512.0,384.0,52.38364501616587,3.0,17487,False,..\data\raw\paper\paper1.jpg
paper10.jpg,paper,JPEG,RGB,32.0,32.0,62.632388239387915,3.0,1256,False,..\data\raw\paper\paper10.jpg
paper100.jpg,paper,JPEG,RGB,512.0,384.0,77.51923294782607,3.0,46561,False,..\data\raw\paper\paper100.jpg
paper101.jpg,paper,JPEG,RGB,512.0,384.0,57.402787204283946,3.0,39500,False,..\data\raw\paper\paper101.jpg
paper102.jpg,paper,JPEG,RGB,512.0,384.0,56.7834294767619,3.0,18363,False,..\data\raw\paper\paper102.jpg
paper103.jpg,paper,JPEG,RGB,512.0,384.0,69.38707554196773,3.0,42245,False,..\data\raw\paper\paper103.jpg
paper104.jpg,paper,JPEG,RGB,512.0,384.0,57.32467755493851,3.0,28574,False,..\data\raw\paper\paper104.jpg
paper105.jpg,paper,JPEG,RGB,512.0,384.0,59.323116839404754,3.0,39326,False,..\data\raw\paper\paper105.jpg
paper106.jpg,paper,JPEG,RGB,512.0,384.0,74.40115532453699,3.0,26563,False,..\data\raw\paper\paper106.jpg
paper107.jpg,paper,JPEG,RGB,512.0,384.0,35.79998772865487,3.0,12543,False,..\data\raw\paper\paper107.jpg
paper108.jpg,paper,JPEG,RGB,512.0,384.0,70.81364438090309,3.0,42462,False,..\data\raw\paper\paper108.jpg
paper109.jpg,paper,JPEG,RGB,512.0,384.0,54.51703201562538,3.0,45030,False,..\data\raw\paper\paper109.jpg
paper11.jpg,paper,JPEG,RGB,512.0,384.0,26.61228514267061,3.0,10108,False,..\data\raw\paper\paper11.jpg
paper110.jpg,paper,JPEG,RGB,512.0,384.0,39.26071480145919,3.0,10835,False,..\data\raw\paper\paper110.jpg
paper111.jpg,paper,JPEG,RGB,512.0,384.0,77.56809241525038,3.0,22187,False,..\data\raw\paper\paper111.jpg
paper112.jpg,paper,JPEG,RGB,512.0,384.0,49.582602447848906,3.0,31441,False,..\data\raw\paper\paper112.jpg
paper113.jpg,paper,JPEG,RGB,512.0,384.0,74.88055757708084,3.0,14556,False,..\data\raw\paper\paper113.jpg
paper114.jpg,paper,JPEG,RGB,512.0,384.0,55.38792196800743,3.0,48604,False,..\data\raw\paper\paper114.jpg
paper115.jpg,paper,JPEG,RGB,512.0,384.0,27.02541100250408,3.0,17627,False,..\data\raw\paper\paper115.jpg
paper116.jpg,paper,JPEG,RGB,512.0,384.0,32.431535541391604,3.0,11363,False,..\data\raw\paper\paper116.jpg
paper117.jpg,paper,JPEG,RGB,512.0,384.0,25.26610821255524,3.0,10134,False,..\data\raw\paper\paper117.jpg
paper118.jpg,paper,JPEG,RGB,512.0,384.0,43.54086765040244,3.0,15021,False,..\data\raw\paper\paper118.jpg
paper119.jpg,paper,JPEG,RGB,512.0,384.0,36.92604976556227,3.0,9362,False,..\data\raw\paper\paper119.jpg
paper12.jpg,paper,JPEG,RGB,512.0,384.0,39.93813815401034,3.0,22329,False,..\data\raw\paper\paper12.jpg
paper120.jpg,paper,JPEG,RGB,512.0,384.0,29.834642969058663,3.0,10182,False,..\data\raw\paper\paper120.jpg
paper121.jpg,paper,JPEG,RGB,512.0,384.0,67.06978967487487,3.0,45507,False,..\data\raw\paper\paper121.jpg
paper122.jpg,paper,JPEG,RGB,512.0,384.0,43.837801613730996,3.0,15677,False,..\data\raw\paper\paper122.jpg
paper123.jpg,paper,JPEG,RGB,512.0,384.0,62.41387749131525,3.0,27066,False,..\data\raw\paper\paper123.jpg
paper124.jpg,paper,JPEG,RGB,512.0,384.0,24.306806632191968,3.0,13194,False,..\data\raw\paper\paper124.jpg
paper125.jpg,paper,JPEG,RGB,512.0,384.0,54.5511173985026,3.0,21867,False,..\data\raw\paper\paper125.jpg
paper126.jpg,paper,JPEG,RGB,512.0,384.0,36.17849442078462,3.0,13529,False,..\data\raw\paper\paper126.jpg
paper127.jpg,paper,JPEG,RGB,512.0,384.0,88.83465342659973,3.0,14919,False,..\data\raw\paper\paper127.jpg
paper128.jpg,paper,JPEG,RGB,512.0,384.0,29.581427313094366,3.0,14097,False,..\data\raw\paper\paper128.jpg
paper129.jpg,paper,JPEG,RGB,512.0,384.0,64.88598710378474,3.0,31440,False,..\data\raw\paper\paper129.jpg
paper13.jpg,paper,JPEG,RGB,512.0,384.0,24.739563184955827,3.0,14096,False,..\data\raw\paper\paper13.jpg
paper130.jpg,paper,JPEG,RGB,512.0,384.0,48.79073310028323,3.0,14140,False,..\data\raw\paper\paper130.jpg
paper131.jpg,paper,JPEG,RGB,512.0,384.0,55.45275591945882,3.0,18816,False,..\data\raw\paper\paper131.jpg
paper132.jpg,paper,JPEG,RGB,512.0,384.0,32.86937412993317,3.0,8480,False,..\data\raw\paper\paper132.jpg
paper133.jpg,paper,JPEG,RGB,512.0,384.0,72.28285283586204,3.0,20165,False,..\data\raw\paper\paper133.jpg
paper134.jpg,paper,JPEG,RGB,512.0,384.0,37.000146175850084,3.0,12837,False,..\data\raw\paper\paper134.jpg
paper135.jpg,paper,JPEG,RGB,512.0,384.0,59.33489150552157,3.0,41498,False,..\data\raw\paper\paper135.jpg
paper136.jpg,paper,JPEG,RGB,512.0,384.0,68.58260169206962,3.0,31680,False,..\data\raw\paper\paper136.jpg
paper137.jpg,paper,JPEG,RGB,512.0,384.0,27.338200006876015,3.0,17203,False,..\data\raw\paper\paper137.jpg
paper138.jpg,paper,JPEG,RGB,512.0,384.0,23.95474599356951,3.0,15495,False,..\data\raw\paper\paper138.jpg
paper139.jpg,paper,JPEG,RGB,512.0,384.0,71.64365230027285,3.0,24152,False,..\data\raw\paper\paper139.jpg
paper14.jpg,paper,JPEG,RGB,512.0,384.0,57.92459637156075,3.0,34665,False,..\data\raw\paper\paper14.jpg
paper140.jpg,paper,JPEG,RGB,512.0,384.0,57.641421500082075,3.0,32306,False,..\data\raw\paper\paper140.jpg
paper141.jpg,paper,JPEG,RGB,512.0,384.0,51.688026568098785,3.0,17810,False,..\data\raw\paper\paper141.jpg
paper142.jpg,paper,JPEG,RGB,512.0,384.0,50.694344342478026,3.0,11180,False,..\data\raw\paper\paper142.jpg
paper143.jpg,paper,JPEG,RGB,512.0,384.0,28.44786067145854,3.0,11714,False,..\data\raw\paper\paper143.jpg
paper144.jpg,paper,JPEG,RGB,512.0,384.0,47.39143837277215,3.0,17035,False,..\data\raw\paper\paper144.jpg
paper145.jpg,paper,JPEG,RGB,512.0,384.0,36.81372735496658,3.0,15409,False,..\data\raw\paper\paper145.jpg
paper146.jpg,paper,JPEG,RGB,512.0,384.0,38.93246624923661,3.0,11378,False,..\data\raw\paper\paper146.jpg
paper147.jpg,paper,JPEG,RGB,512.0,384.0,70.58432149612518,3.0,31699,False,..\data\raw\paper\paper147.jpg
paper148.jpg,paper,JPEG,RGB,512.0,384.0,60.78867067895506,3.0,28867,False,..\data\raw\paper\paper148.jpg
paper149.jpg,paper,JPEG,RGB,512.0,384.0,34.51030202171362,3.0,13601,False,..\data\raw\paper\paper149.jpg
paper15.jpg,paper,JPEG,RGB,512.0,384.0,60.84312401777382,3.0,29764,False,..\data\raw\paper\paper15.jpg
paper150.jpg,paper,JPEG,RGB,512.0,384.0,36.73606218674088,3.0,11553,False,..\data\raw\paper\paper150.jpg
paper151.jpg,paper,JPEG,RGB,512.0,384.0,45.17062207515876,3.0,15174,False,..\data\raw\paper\paper151.jpg
paper152.jpg,paper,JPEG,RGB,512.0,384.0,60.4566860029721,3.0,31052,False,..\data\raw\paper\paper152.jpg
paper153.jpg,paper,JPEG,RGB,512.0,384.0,56.01077132611405,3.0,30109,False,..\data\raw\paper\paper153.jpg
paper154.jpg,paper,JPEG,RGB,512.0,384.0,27.85366324487058,3.0,9454,False,..\data\raw\paper\paper154.jpg
paper155.jpg,paper,JPEG,RGB,512.0,384.0,66.10643042641537,3.0,28308,False,..\data\raw\paper\paper155.jpg
paper156.jpg,paper,JPEG,RGB,512.0,384.0,29.83396984351804,3.0,13734,False,..\data\raw\paper\paper156.jpg
paper157.jpg,paper,JPEG,RGB,512.0,384.0,29.144814785670935,3.0,14139,False,..\data\raw\paper\paper157.jpg
paper158.jpg,paper,JPEG,RGB,512.0,384.0,31.815768998305405,3.0,6962,False,..\data\raw\paper\paper158.jpg
paper159.jpg,paper,JPEG,RGB,512.0,384.0,46.07638997752503,3.0,14717,False,..\data\raw\paper\paper159.jpg
paper16.jpg,paper,JPEG,RGB,512.0,384.0,59.404626567810354,3.0,20775,False,..\data\raw\paper\paper16.jpg
paper160.jpg,paper,JPEG,RGB,512.0,384.0,24.541028954154047,3.0,13620,False,..\data\raw\paper\paper160.jpg
paper161.jpg,paper,JPEG,RGB,512.0,384.0,62.122591642721765,3.0,29185,False,..\data\raw\paper\paper161.jpg
paper162.jpg,paper,JPEG,RGB,512.0,384.0,63.85304090562061,3.0,23993,False,..\data\raw\paper\paper162.jpg
paper163.jpg,paper,JPEG,RGB,512.0,384.0,67.34531741752375,3.0,43213,False,..\data\raw\paper\paper163.jpg
paper164.jpg,paper,JPEG,RGB,512.0,384.0,38.284056283876055,3.0,12137,False,..\data\raw\paper\paper164.jpg
paper165.jpg,paper,JPEG,RGB,512.0,384.0,70.34177268840362,3.0,28834,False,..\data\raw\paper\paper165.jpg
paper166.jpg,paper,JPEG,RGB,512.0,384.0,64.29430668973603,3.0,23972,False,..\data\raw\paper\paper166.jpg
paper167.jpg,paper,JPEG,RGB,512.0,384.0,70.33038148239349,3.0,18222,False,..\data\raw\paper\paper167.jpg
paper168.jpg,paper,JPEG,RGB,512.0,384.0,55.220240464242366,3.0,11027,False,..\data\raw\paper\paper168.jpg
paper169.jpg,paper,JPEG,RGB,512.0,384.0,31.38211123495794,3.0,13179,False,..\data\raw\paper\paper169.jpg
paper17.jpg,paper,JPEG,RGB,512.0,384.0,62.32401763044043,3.0,28423,False,..\data\raw\paper\paper17.jpg
paper170.jpg,paper,JPEG,RGB,512.0,384.0,30.904416958553625,3.0,11964,False,..\data\raw\paper\paper170.jpg
paper171.jpg,paper,JPEG,RGB,512.0,384.0,39.17213834668457,3.0,8653,False,..\data\raw\paper\paper171.jpg
paper172.jpg,paper,JPEG,RGB,512.0,384.0,64.56718418615776,3.0,11908,False,..\data\raw\paper\paper172.jpg
paper173.jpg,paper,JPEG,RGB,512.0,384.0,47.65731013795974,3.0,12669,False,..\data\raw\paper\paper173.jpg
paper174.jpg,paper,JPEG,RGB,512.0,384.0,72.16885176683222,3.0,45371,False,..\data\raw\paper\paper174.jpg
paper175.jpg,paper,JPEG,RGB,512.0,384.0,29.861863188710906,3.0,14751,False,..\data\raw\paper\paper175.jpg
paper176.jpg,paper,JPEG,RGB,512.0,384.0,78.76569008844425,3.0,19515,False,..\data\raw\paper\paper176.jpg
paper177.jpg,paper,JPEG,RGB,512.0,384.0,30.285215255954085,3.0,12874,False,..\data\raw\paper\paper177.jpg
paper178.jpg,paper,JPEG,RGB,512.0,384.0,25.412964521836493,3.0,18757,False,..\data\raw\paper\paper178.jpg
paper179.jpg,paper,JPEG,RGB,512.0,384.0,38.93385812621061,3.0,13016,False,..\data\raw\paper\paper179.jpg
paper18.jpg,paper,JPEG,RGB,512.0,384.0,69.51955706643759,3.0,25283,False,..\data\raw\paper\paper18.jpg
paper180.jpg,paper,JPEG,RGB,512.0,384.0,60.66602608778469,3.0,14610,False,..\data\raw\paper\paper180.jpg
paper181.jpg,paper,JPEG,RGB,512.0,384.0,27.875864382674735,3.0,16481,False,..\data\raw\paper\paper181.jpg
paper182.jpg,paper,JPEG,RGB,512.0,384.0,62.14691246388714,3.0,49264,False,..\data\raw\paper\paper182.jpg
paper183.jpg,paper,JPEG,RGB,512.0,384.0,52.85160323721479,3.0,26990,False,..\data\raw\paper\paper183.jpg
paper184.jpg,paper,JPEG,RGB,512.0,384.0,65.8138275046351,3.0,30957,False,..\data\raw\paper\paper184.jpg
paper185.jpg,paper,JPEG,RGB,512.0,384.0,63.01719472956834,3.0,19411,False,..\data\raw\paper\paper185.jpg
paper186.jpg,paper,JPEG,RGB,512.0,384.0,54.882583172740596,3.0,18098,False,..\data\raw\paper\paper186.jpg
paper187.jpg,paper,JPEG,RGB,512.0,384.0,19.447937351261135,3.0,12548,False,..\data\raw\paper\paper187.jpg
paper188.jpg,paper,JPEG,RGB,512.0,384.0,70.65896167846346,3.0,38499,False,..\data\raw\paper\paper188.jpg
paper189.jpg,paper,JPEG,RGB,512.0,384.0,60.00358937204082,3.0,39243,False,..\data\raw\paper\paper189.jpg
paper19.jpg,paper,JPEG,RGB,512.0,384.0,40.53446334165921,3.0,14464,False,..\data\raw\paper\paper19.jpg
paper190.jpg,paper,JPEG,RGB,512.0,384.0,68.11565485188791,3.0,26421,False,..\data\raw\paper\paper190.jpg
paper191.jpg,paper,JPEG,RGB,512.0,384.0,24.77438641598871,3.0,13730,False,..\data\raw\paper\paper191.jpg
paper192.jpg,paper,JPEG,RGB,512.0,384.0,67.96413551272296,3.0,43922,False,..\data\raw\paper\paper192.jpg
paper193.jpg,paper,JPEG,RGB,512.0,384.0,72.9352302328245,3.0,24349,False,..\data\raw\paper\paper193.jpg
paper194.jpg,paper,JPEG,RGB,512.0,384.0,59.354949501030546,3.0,33039,False,..\data\raw\paper\paper194.jpg
paper195.jpg,paper,JPEG,RGB,512.0,384.0,64.63697595618538,3.0,21363,False,..\data\raw\paper\paper195.jpg
paper196.jpg,paper,JPEG,RGB,512.0,384.0,54.724998015812844,3.0,39819,False,..\data\raw\paper\paper196.jpg
paper197.jpg,paper,JPEG,RGB,512.0,384.0,64.24670204055123,3.0,23154,False,..\data\raw\paper\paper197.jpg
paper198.jpg,paper,JPEG,RGB,512.0,384.0,65.24992884932495,3.0,35192,False,..\data\raw\paper\paper198.jpg
paper199.jpg,paper,JPEG,RGB,512.0,384.0,74.49738074208634,3.0,19940,False,..\data\raw\paper\paper199.jpg
paper2.jpg,paper,JPEG,RGB,512.0,384.0,45.43072969021673,3.0,27354,False,..\data\raw\paper\paper2.jpg
paper20.jpg,paper,JPEG,RGB,512.0,384.0,70.5281759858095,3.0,40129,False,..\data\raw\paper\paper20.jpg
paper200.jpg,paper,JPEG,RGB,512.0,384.0,37.66388847585729,3.0,10131,False,..\data\raw\paper\paper200.jpg
paper201.jpg,paper,JPEG,RGB,512.0,384.0,50.77622188419683,3.0,10054,False,..\data\raw\paper\paper201.jpg
paper202.jpg,paper,JPEG,RGB,512.0,384.0,47.17385556348578,3.0,13157,False,..\data\raw\paper\paper202.jpg
paper203.jpg,paper,JPEG,RGB,512.0,384.0,33.03370532805609,3.0,9489,False,..\data\raw\paper\paper203.jpg
paper204.jpg,paper,JPEG,RGB,512.0,384.0,36.99348854170017,3.0,21471,False,..\data\raw\paper\paper204.jpg
paper205.jpg,paper,JPEG,RGB,512.0,384.0,57.68012686189477,3.0,23535,False,..\data\raw\paper\paper205.jpg
paper206.jpg,paper,JPEG,RGB,512.0,384.0,56.30908949506673,3.0,33783,False,..\data\raw\paper\paper206.jpg
paper207.jpg,paper,JPEG,RGB,512.0,384.0,62.56611866901535,3.0,28260,False,..\data\raw\paper\paper207.jpg
paper208.jpg,paper,JPEG,RGB,512.0,384.0,61.119932808405906,3.0,29498,False,..\data\raw\paper\paper208.jpg
paper209.jpg,paper,JPEG,RGB,512.0,384.0,72.91078705766886,3.0,42276,False,..\data\raw\paper\paper209.jpg
paper21.jpg,paper,JPEG,RGB,512.0,384.0,40.76326549771043,3.0,15444,False,..\data\raw\paper\paper21.jpg
paper210.jpg,paper,JPEG,RGB,512.0,384.0,49.6742673319257,3.0,23007,False,..\data\raw\paper\paper210.jpg
paper211.jpg,paper,JPEG,RGB,512.0,384.0,30.404929446488953,3.0,17310,False,..\data\raw\paper\paper211.jpg
paper212.jpg,paper,JPEG,RGB,512.0,384.0,29.99603104712037,3.0,11963,False,..\data\raw\paper\paper212.jpg
paper213.jpg,paper,,,,,,,7293,True,..\data\raw\paper\paper213.jpg
paper214.jpg,paper,JPEG,RGB,512.0,384.0,64.98845974453806,3.0,48835,False,..\data\raw\paper\paper214.jpg
paper215.jpg,paper,JPEG,RGB,512.0,384.0,59.89950907599736,3.0,32743,False,..\data\raw\paper\paper215.jpg
paper216.jpg,paper,JPEG,RGB,512.0,384.0,48.29092321262244,3.0,13768,False,..\data\raw\paper\paper216.jpg
paper217.jpg,paper,JPEG,RGB,512.0,384.0,59.01012680529257,3.0,39275,False,..\data\raw\paper\paper217.jpg
paper218.jpg,paper,JPEG,RGB,512.0,384.0,65.22815406301474,3.0,16708,False,..\data\raw\paper\paper218.jpg
paper219.jpg,paper,JPEG,RGB,512.0,384.0,22.303165365846567,3.0,12321,False,..\data\raw\paper\paper219.jpg
paper22.jpg,paper,JPEG,RGB,512.0,384.0,32.02578321782473,3.0,13555,False,..\data\raw\paper\paper22.jpg
paper220.jpg,paper,JPEG,RGB,512.0,384.0,32.81471916497476,3.0,17315,False,..\data\raw\paper\paper220.jpg
paper221.jpg,paper,JPEG,RGB,512.0,384.0,76.68076821695605,3.0,18866,False,..\data\raw\paper\paper221.jpg
paper221kl.jpg,paper,JPEG,RGB,512.0,384.0,76.68076821695605,3.0,18866,False,..\data\raw\paper\paper221kl.jpg
paper222.jpg,paper,JPEG,RGB,512.0,384.0,25.683468403769723,3.0,10802,False,..\data\raw\paper\paper222.jpg
paper223.jpg,paper,JPEG,RGB,512.0,384.0,59.41421740636445,3.0,26357,False,..\data\raw\paper\paper223.jpg
paper224.jpg,paper,JPEG,RGB,512.0,384.0,67.62910452396859,3.0,29813,False,..\data\raw\paper\paper224.jpg
paper225.jpg,paper,JPEG,RGB,512.0,384.0,46.539557295668395,3.0,16231,False,..\data\raw\paper\paper225.jpg
paper226.jpg,paper,JPEG,RGB,512.0,384.0,51.915445196790074,3.0,8649,False,..\data\raw\paper\paper226.jpg
paper227.jpg,paper,JPEG,RGB,512.0,384.0,58.986226641671784,3.0,42554,False,..\data\raw\paper\paper227.jpg
paper228.jpg,paper,JPEG,RGB,512.0,384.0,28.95535066748057,3.0,8184,False,..\data\raw\paper\paper228.jpg
paper229.jpg,paper,JPEG,RGB,512.0,384.0,45.83045825294973,3.0,22887,False,..\data\raw\paper\paper229.jpg
paper23.jpg,paper,JPEG,RGB,512.0,384.0,78.93521541036688,3.0,32474,False,..\data\raw\paper\paper23.jpg
paper230.jpg,paper,JPEG,RGB,512.0,384.0,41.288586681622085,3.0,14879,False,..\data\raw\paper\paper230.jpg
paper231.jpg,paper,JPEG,RGB,512.0,384.0,60.23599081111377,3.0,32978,False,..\data\raw\paper\paper231.jpg
paper232.jpg,paper,JPEG,RGB,512.0,384.0,23.328767733405694,3.0,13558,False,..\data\raw\paper\paper232.jpg
paper233.jpg,paper,JPEG,RGB,512.0,384.0,61.337226101682134,3.0,26365,False,..\data\raw\paper\paper233.jpg
paper234.jpg,paper,JPEG,RGB,512.0,384.0,54.11438519522442,3.0,20212,False,..\data\raw\paper\paper234.jpg
paper235.jpg,paper,JPEG,RGB,512.0,384.0,55.97271328744288,3.0,16232,False,..\data\raw\paper\paper235.jpg
paper236.jpg,paper,JPEG,RGB,512.0,384.0,65.21235531355732,3.0,35587,False,..\data\raw\paper\paper236.jpg
paper237.jpg,paper,JPEG,RGB,512.0,384.0,90.0418197707351,3.0,16055,False,..\data\raw\paper\paper237.jpg
paper238.jpg,paper,JPEG,RGB,512.0,384.0,43.40637582945937,3.0,13698,False,..\data\raw\paper\paper238.jpg
paper239.jpg,paper,JPEG,RGB,512.0,384.0,37.071278589238716,3.0,12032,False,..\data\raw\paper\paper239.jpg
paper24.jpg,paper,JPEG,RGB,512.0,384.0,60.5954153138403,3.0,33601,False,..\data\raw\paper\paper24.jpg
paper240.jpg,paper,JPEG,RGB,512.0,384.0,19.406809797263694,3.0,12429,False,..\data\raw\paper\paper240.jpg
paper241.jpg,paper,JPEG,RGB,512.0,384.0,29.480035694176333,3.0,11889,False,..\data\raw\paper\paper241.jpg
paper242.jpg,paper,JPEG,RGB,512.0,384.0,28.214686010617967,3.0,12036,False,..\data\raw\paper\paper242.jpg
paper243.jpg,paper,JPEG,RGB,512.0,384.0,33.86527755836286,3.0,9499,False,..\data\raw\paper\paper243.jpg
paper244.jpg,paper,JPEG,RGB,512.0,384.0,40.594327396360704,3.0,22371,False,..\data\raw\paper\paper244.jpg
paper245.jpg,paper,JPEG,RGB,512.0,384.0,68.03381357915167,3.0,33871,False,..\data\raw\paper\paper245.jpg
paper246.jpg,paper,JPEG,RGB,512.0,384.0,60.60057579535435,3.0,22258,False,..\data\raw\paper\paper246.jpg
paper247.jpg,paper,JPEG,RGB,512.0,384.0,70.94066363100403,3.0,43940,False,..\data\raw\paper\paper247.jpg
paper248.jpg,paper,JPEG,RGB,512.0,384.0,69.08790878341999,3.0,33662,False,..\data\raw\paper\paper248.jpg
paper249.jpg,paper,JPEG,RGB,512.0,384.0,33.55888826575352,3.0,14873,False,..\data\raw\paper\paper249.jpg
paper25.jpg,paper,JPEG,RGB,512.0,384.0,61.4757959395447,3.0,20903,False,..\data\raw\paper\paper25.jpg
paper250.jpg,paper,JPEG,RGB,512.0,384.0,65.09680941558935,3.0,24481,False,..\data\raw\paper\paper250.jpg
paper26.jpg,paper,JPEG,RGB,512.0,384.0,62.233910981457775,3.0,38973,False,..\data\raw\paper\paper26.jpg
paper27.jpg,paper,JPEG,RGB,512.0,384.0,25.28043926852222,3.0,12076,False,..\data\raw\paper\paper27.jpg
paper28.jpg,paper,JPEG,RGB,512.0,384.0,59.65457374206668,3.0,36574,False,..\data\raw\paper\paper28.jpg
paper29.jpg,paper,JPEG,RGB,512.0,384.0,75.5786965944548,3.0,16045,False,..\data\raw\paper\paper29.jpg
paper3.jpg,paper,JPEG,RGB,512.0,384.0,43.40026623489549,3.0,19987,False,..\data\raw\paper\paper3.jpg
paper30.jpg,paper,JPEG,RGB,512.0,384.0,49.70940712012636,3.0,9053,False,..\data\raw\paper\paper30.jpg
paper31.jpg,paper,JPEG,RGB,512.0,384.0,46.76178854752525,3.0,26132,False,..\data\raw\paper\paper31.jpg
paper32.jpg,paper,JPEG,RGB,512.0,384.0,42.224909443968315,3.0,11256,False,..\data\raw\paper\paper32.jpg
paper33.jpg,paper,JPEG,RGB,512.0,384.0,42.42937612233929,3.0,10568,False,..\data\raw\paper\paper33.jpg
paper34.jpg,paper,JPEG,RGB,512.0,384.0,62.46195657322576,3.0,43785,False,..\data\raw\paper\paper34.jpg
paper35.jpg,paper,JPEG,RGB,512.0,384.0,65.91814797487729,3.0,36792,False,..\data\raw\paper\paper35.jpg
paper36.jpg,paper,JPEG,RGB,512.0,384.0,38.21711008461634,3.0,12548,False,..\data\raw\paper\paper36.jpg
paper37.jpg,paper,JPEG,RGB,512.0,384.0,69.50548902493966,3.0,29040,False,..\data\raw\paper\paper37.jpg
paper38.jpg,paper,JPEG,RGB,512.0,384.0,44.36803061950884,3.0,16747,False,..\data\raw\paper\paper38.jpg
paper39.jpg,paper,JPEG,RGB,512.0,384.0,54.17549104342064,3.0,12276,False,..\data\raw\paper\paper39.jpg
paper4.jpg,paper,JPEG,RGB,512.0,384.0,62.25592439818983,3.0,33760,False,..\data\raw\paper\paper4.jpg
paper40.jpg,paper,JPEG,RGB,512.0,384.0,53.627147461493266,3.0,32749,False,..\data\raw\paper\paper40.jpg
paper41.jpg,paper,JPEG,RGB,512.0,384.0,56.189344201298276,3.0,57868,False,..\data\raw\paper\paper41.jpg
paper42.jpg,paper,JPEG,RGB,512.0,384.0,72.65046747438547,3.0,45219,False,..\data\raw\paper\paper42.jpg
paper43.jpg,paper,JPEG,RGB,512.0,384.0,44.51527630580587,3.0,19883,False,..\data\raw\paper\paper43.jpg
paper44.jpg,paper,JPEG,RGB,512.0,384.0,50.526347520340664,3.0,21548,False,..\data\raw\paper\paper44.jpg
paper45.jpg,paper,JPEG,RGB,512.0,384.0,35.54538758588226,3.0,13446,False,..\data\raw\paper\paper45.jpg
paper46.jpg,paper,JPEG,RGB,512.0,384.0,57.027185167245605,3.0,27630,False,..\data\raw\paper\paper46.jpg
paper47.jpg,paper,JPEG,RGB,512.0,384.0,65.7964266073726,3.0,46093,False,..\data\raw\paper\paper47.jpg
paper48.jpg,paper,JPEG,RGB,512.0,384.0,57.25356456824994,3.0,27178,False,..\data\raw\paper\paper48.jpg
paper49.jpg,paper,JPEG,RGB,512.0,384.0,61.610193625283195,3.0,34590,False,..\data\raw\paper\paper49.jpg
paper5.jpg,paper,JPEG,RGB,512.0,384.0,66.36662556335024,3.0,27931,False,..\data\raw\paper\paper5.jpg
paper50.jpg,paper,JPEG,RGB,512.0,384.0,37.14532319973402,3.0,20241,False,..\data\raw\paper\paper50.jpg
paper51.jpg,paper,JPEG,RGB,512.0,384.0,57.698370091742156,3.0,18039,False,..\data\raw\paper\paper51.jpg
paper52.jpg,paper,JPEG,RGB,512.0,384.0,35.623198941400226,3.0,10888,False,..\data\raw\paper\paper52.jpg
paper53.jpg,paper,JPEG,RGB,512.0,384.0,64.68240498908037,3.0,22112,False,..\data\raw\paper\paper53.jpg
paper54.jpg,paper,JPEG,RGB,40.0,40.0,32.01388777416243,3.0,1079,False,..\data\raw\paper\paper54.jpg
paper55.jpg,paper,JPEG,RGB,512.0,384.0,66.00017282273885,3.0,22593,False,..\data\raw\paper\paper55.jpg
paper56.jpg,paper,JPEG,RGB,512.0,384.0,69.18890513891976,3.0,25031,False,..\data\raw\paper\paper56.jpg
paper57.jpg,paper,JPEG,RGB,512.0,384.0,19.62195031573268,3.0,14862,False,..\data\raw\paper\paper57.jpg
paper58.jpg,paper,JPEG,RGB,512.0,384.0,32.23082302318268,3.0,11733,False,..\data\raw\paper\paper58.jpg
paper59.jpg,paper,JPEG,RGB,512.0,384.0,19.152641072425848,3.0,14228,False,..\data\raw\paper\paper59.jpg
paper6.jpg,paper,JPEG,RGB,512.0,384.0,28.830199793778462,3.0,23598,False,..\data\raw\paper\paper6.jpg
paper60.jpg,paper,JPEG,RGB,512.0,384.0,26.565012323128517,3.0,12032,False,..\data\raw\paper\paper60.jpg
paper61.jpg,paper,JPEG,RGB,512.0,384.0,74.53888755560335,3.0,26246,False,..\data\raw\paper\paper61.jpg
paper62.jpg,paper,JPEG,RGB,512.0,384.0,22.396585203383623,3.0,12764,False,..\data\raw\paper\paper62.jpg
paper63.jpg,paper,JPEG,RGB,512.0,384.0,34.73472614549038,3.0,11678,False,..\data\raw\paper\paper63.jpg
paper64.jpg,paper,JPEG,RGB,48.0,32.0,48.43044751525406,3.0,1487,False,..\data\raw\paper\paper64.jpg
paper65.jpg,paper,JPEG,RGB,512.0,384.0,61.892582052521355,3.0,24771,False,..\data\raw\paper\paper65.jpg
paper66.jpg,paper,JPEG,RGB,512.0,384.0,27.008316072836628,3.0,15034,False,..\data\raw\paper\paper66.jpg
paper67.jpg,paper,JPEG,RGB,512.0,384.0,38.42826330916397,3.0,8877,False,..\data\raw\paper\paper67.jpg
paper68.jpg,paper,JPEG,RGB,512.0,384.0,55.97033038271656,3.0,32173,False,..\data\raw\paper\paper68.jpg
paper69.jpg,paper,JPEG,RGB,512.0,384.0,68.76182728101561,3.0,32797,False,..\data\raw\paper\paper69.jpg
paper7.jpg,paper,JPEG,RGB,512.0,384.0,63.19231466774722,3.0,18190,False,..\data\raw\paper\paper7.jpg
paper70.jpg,paper,JPEG,RGB,512.0,384.0,38.977462502963625,3.0,14935,False,..\data\raw\paper\paper70.jpg
paper71.jpg,paper,JPEG,RGB,512.0,384.0,33.92850417965173,3.0,8950,False,..\data\raw\paper\paper71.jpg
paper72.jpg,paper,JPEG,RGB,512.0,384.0,62.5666215251577,3.0,28082,False,..\data\raw\paper\paper72.jpg
paper74.jpg,paper,JPEG,RGB,512.0,384.0,66.52168021811272,3.0,34662,False,..\data\raw\paper\paper74.jpg
paper75.jpg,paper,JPEG,RGB,512.0,384.0,48.14669962866305,3.0,8899,False,..\data\raw\paper\paper75.jpg
paper76.jpg,paper,JPEG,RGB,512.0,384.0,61.13619834105149,3.0,35101,False,..\data\raw\paper\paper76.jpg
paper77.jpg,paper,JPEG,RGB,512.0,384.0,72.04452052824809,3.0,19894,False,..\data\raw\paper\paper77.jpg
paper77ty.jpg,paper,JPEG,RGB,512.0,384.0,72.04452052824809,3.0,19894,False,..\data\raw\paper\paper77ty.jpg
paper78.jpg,paper,JPEG,RGB,512.0,384.0,30.05688636321796,3.0,13765,False,..\data\raw\paper\paper78.jpg
paper79.jpg,paper,JPEG,RGB,512.0,384.0,54.02470235582792,3.0,26011,False,..\data\raw\paper\paper79.jpg
paper8.jpg,paper,JPEG,RGB,512.0,384.0,50.02529431494981,3.0,18504,False,..\data\raw\paper\paper8.jpg
paper80.jpg,paper,JPEG,RGB,512.0,384.0,37.73271697653597,3.0,14797,False,..\data\raw\paper\paper80.jpg
paper81.jpg,paper,JPEG,RGB,512.0,384.0,75.58446453469507,3.0,32465,False,..\data\raw\paper\paper81.jpg
paper82.jpg,paper,JPEG,RGB,512.0,384.0,74.11498662033992,3.0,54384,False,..\data\raw\paper\paper82.jpg
paper83.jpg,paper,JPEG,RGB,512.0,384.0,64.74247488442506,3.0,40084,False,..\data\raw\paper\paper83.jpg
paper84.jpg,paper,JPEG,RGB,512.0,384.0,57.34309367176866,3.0,29172,False,..\data\raw\paper\paper84.jpg
paper85.jpg,paper,JPEG,RGB,512.0,384.0,50.00116866434778,3.0,15558,False,..\data\raw\paper\paper85.jpg
paper86.jpg,paper,JPEG,RGB,512.0,384.0,67.2968617395287,3.0,36709,False,..\data\raw\paper\paper86.jpg
paper87.jpg,paper,JPEG,RGB,512.0,384.0,31.68256810316081,3.0,10069,False,..\data\raw\paper\paper87.jpg
paper88.jpg,paper,JPEG,RGB,512.0,384.0,59.36945402490828,3.0,27828,False,..\data\raw\paper\paper88.jpg
paper89.jpg,paper,JPEG,RGB,512.0,384.0,65.22156244765661,3.0,27076,False,..\data\raw\paper\paper89.jpg
paper9.jpg,paper,JPEG,RGB,512.0,384.0,67.31571659792158,3.0,20763,False,..\data\raw\paper\paper9.jpg
paper90.jpg,paper,JPEG,RGB,512.0,384.0,52.76397155946305,3.0,35412,False,..\data\raw\paper\paper90.jpg
paper91.jpg,paper,JPEG,RGB,512.0,384.0,28.812076159071214,3.0,11322,False,..\data\raw\paper\paper91.jpg
paper92.jpg,paper,JPEG,RGB,512.0,384.0,51.15451964484044,3.0,34361,False,..\data\raw\paper\paper92.jpg
paper93.jpg,paper,JPEG,RGB,512.0,384.0,59.67739743993834,3.0,22823,False,..\data\raw\paper\paper93.jpg
paper94.jpg,paper,JPEG,RGB,512.0,384.0,52.26666890811385,3.0,12880,False,..\data\raw\paper\paper94.jpg
paper95.jpg,paper,JPEG,RGB,512.0,384.0,24.892368807094382,3.0,9410,False,..\data\raw\paper\paper95.jpg
paper96.jpg,paper,JPEG,RGB,512.0,384.0,22.407232602219405,3.0,10931,False,..\data\raw\paper\paper96.jpg
paper97.jpg,paper,JPEG,RGB,512.0,384.0,82.96581801653917,3.0,21628,False,..\data\raw\paper\paper97.jpg
paper98.jpg,paper,JPEG,RGB,512.0,384.0,37.000411362930464,3.0,11187,False,..\data\raw\paper\paper98.jpg
paper99.jpg,paper,JPEG,RGB,512.0,384.0,63.05746683736467,3.0,29616,False,..\data\raw\paper\paper99.jpg
paperer35.jpg,paper,JPEG,RGB,512.0,384.0,65.91814797487729,3.0,36792,False,..\data\raw\paper\paperer35.jpg
plastic1.jpg,plastic,JPEG,RGB,512.0,384.0,52.373680998267304,3.0,9713,False,..\data\raw\plastic\plastic1.jpg
plastic10.jpg,plastic,JPEG,RGB,512.0,384.0,22.528986489870938,3.0,7727,False,..\data\raw\plastic\plastic10.jpg
plastic100.jpg,plastic,JPEG,RGB,512.0,384.0,45.145689817172354,3.0,12113,False,..\data\raw\plastic\plastic100.jpg
plastic101.jpg,plastic,JPEG,RGB,512.0,384.0,39.763667579260726,3.0,16185,False,..\data\raw\plastic\plastic101.jpg
plastic102.jpg,plastic,JPEG,RGB,512.0,384.0,46.14112086511715,3.0,8193,False,..\data\raw\plastic\plastic102.jpg
plastic103.jpg,plastic,JPEG,RGB,512.0,384.0,44.79149629831922,3.0,22379,False,..\data\raw\plastic\plastic103.jpg
plastic104.jpg,plastic,JPEG,RGB,512.0,384.0,45.543420815090805,3.0,12602,False,..\data\raw\plastic\plastic104.jpg
plastic106.jpg,plastic,JPEG,RGB,512.0,384.0,48.5539522150294,3.0,17327,False,..\data\raw\plastic\plastic106.jpg
plastic107.jpg,plastic,JPEG,RGB,512.0,384.0,25.425239868976576,3.0,11417,False,..\data\raw\plastic\plastic107.jpg
plastic108.jpg,plastic,JPEG,RGB,512.0,384.0,38.61797868014385,3.0,19885,False,..\data\raw\plastic\plastic108.jpg
plastic109.jpg,plastic,JPEG,RGB,512.0,384.0,40.04754679812492,3.0,21602,False,..\data\raw\plastic\plastic109.jpg
plastic11.jpg,plastic,JPEG,RGB,512.0,384.0,23.579595229814707,3.0,7747,False,..\data\raw\plastic\plastic11.jpg
plastic110.jpg,plastic,JPEG,RGB,512.0,384.0,43.75024606287336,3.0,18653,False,..\data\raw\plastic\plastic110.jpg
plastic111.jpg,plastic,JPEG,RGB,512.0,384.0,43.410972644589755,3.0,9831,False,..\data\raw\plastic\plastic111.jpg
plastic112.jpg,plastic,JPEG,RGB,512.0,384.0,44.0065523623921,3.0,20976,False,..\data\raw\plastic\plastic112.jpg
plastic113.jpg,plastic,JPEG,RGB,512.0,384.0,50.771888972648064,3.0,16938,False,..\data\raw\plastic\plastic113.jpg
plastic114.jpg,plastic,JPEG,RGB,512.0,384.0,50.01903475337523,3.0,11164,False,..\data\raw\plastic\plastic114.jpg
plastic115.jpg,plastic,JPEG,RGB,512.0,384.0,46.33830320460865,3.0,18614,False,..\data\raw\plastic\plastic115.jpg
plastic116.jpg,plastic,JPEG,RGB,512.0,384.0,55.14218075601855,3.0,24209,False,..\data\raw\plastic\plastic116.jpg
plastic117.jpg,plastic,JPEG,RGB,512.0,384.0,52.79886892707756,3.0,13292,False,..\data\raw\plastic\plastic117.jpg
plastic118.jpg,plastic,JPEG,RGB,512.0,384.0,52.143044867124104,3.0,7796,False,..\data\raw\plastic\plastic118.jpg
plastic119.jpg,plastic,JPEG,RGB,512.0,384.0,53.61259786148018,3.0,20127,False,..\data\raw\plastic\plastic119.jpg
plastic12.jpg,plastic,JPEG,RGB,512.0,384.0,11.224502359360011,3.0,6494,False,..\data\raw\plastic\plastic12.jpg
plastic120.jpg,plastic,JPEG,RGB,512.0,384.0,45.18968049170804,3.0,14029,False,..\data\raw\plastic\plastic120.jpg
plastic121.jpg,plastic,JPEG,RGB,512.0,384.0,57.20032177377969,3.0,12487,False,..\data\raw\plastic\plastic121.jpg
plastic122.jpg,plastic,JPEG,RGB,512.0,384.0,38.332528615961365,3.0,10323,False,..\data\raw\plastic\plastic122.jpg
plastic123.jpg,plastic,JPEG,RGB,512.0,384.0,48.99860449293565,3.0,18879,False,..\data\raw\plastic\plastic123.jpg
plastic124.jpg,plastic,JPEG,RGB,512.0,384.0,70.64335467155814,3.0,13608,False,..\data\raw\plastic\plastic124.jpg
plastic125.jpg,plastic,JPEG,RGB,512.0,384.0,61.38541608433992,3.0,17145,False,..\data\raw\plastic\plastic125.jpg
plastic126.jpg,plastic,JPEG,RGB,512.0,384.0,53.74756788165069,3.0,11207,False,..\data\raw\plastic\plastic126.jpg
plastic127.jpg,plastic,JPEG,RGB,512.0,384.0,54.80943453519873,3.0,9822,False,..\data\raw\plastic\plastic127.jpg
plastic128.jpg,plastic,JPEG,RGB,512.0,384.0,53.07069982203364,3.0,13466,False,..\data\raw\plastic\plastic128.jpg
plastic129.jpg,plastic,JPEG,RGB,512.0,384.0,27.122043360559605,3.0,10683,False,..\data\raw\plastic\plastic129.jpg
plastic13.jpg,plastic,,,,,,,5250,True,..\data\raw\plastic\plastic13.jpg
plastic130.jpg,plastic,JPEG,RGB,512.0,384.0,31.62076800804683,3.0,10109,False,..\data\raw\plastic\plastic130.jpg
plastic131.jpg,plastic,JPEG,RGB,512.0,384.0,29.325512310275016,3.0,8415,False,..\data\raw\plastic\plastic131.jpg
plastic132.jpg,plastic,JPEG,RGB,512.0,384.0,52.610464522120246,3.0,17163,False,..\data\raw\plastic\plastic132.jpg
plastic133.jpg,plastic,JPEG,RGB,512.0,384.0,55.484906550964695,3.0,27783,False,..\data\raw\plastic\plastic133.jpg
plastic134.jpg,plastic,JPEG,RGB,512.0,384.0,47.57865117255618,3.0,16808,False,..\data\raw\plastic\plastic134.jpg
plastic135.jpg,plastic,JPEG,RGB,512.0,384.0,20.461451732444313,3.0,9100,False,..\data\raw\plastic\plastic135.jpg
plastic136.jpg,plastic,JPEG,RGB,512.0,384.0,20.528085814711126,3.0,9313,False,..\data\raw\plastic\plastic136.jpg
plastic137.jpg,plastic,JPEG,RGB,512.0,384.0,52.18681989568897,3.0,7680,False,..\data\raw\plastic\plastic137.jpg
plastic138.jpg,plastic,JPEG,RGB,512.0,384.0,23.232808543815832,3.0,9262,False,..\data\raw\plastic\plastic138.jpg
plastic139.jpg,plastic,JPEG,RGB,512.0,384.0,59.81377925997306,3.0,18878,False,..\data\raw\plastic\plastic139.jpg
plastic14.jpg,plastic,JPEG,RGB,512.0,384.0,47.23342087403014,3.0,14716,False,..\data\raw\plastic\plastic14.jpg
plastic140.jpg,plastic,JPEG,RGB,512.0,384.0,73.94332410559134,3.0,10717,False,..\data\raw\plastic\plastic140.jpg
plastic140y.jpg,plastic,JPEG,RGB,512.0,384.0,73.94332410559134,3.0,10717,False,..\data\raw\plastic\plastic140y.jpg
plastic141.jpg,plastic,JPEG,RGB,512.0,384.0,31.381115850299015,3.0,10283,False,..\data\raw\plastic\plastic141.jpg
plastic142.jpg,plastic,JPEG,RGB,512.0,384.0,50.3495737175443,3.0,17670,False,..\data\raw\plastic\plastic142.jpg
plastic143.jpg,plastic,JPEG,RGB,512.0,384.0,40.81687856013754,3.0,12738,False,..\data\raw\plastic\plastic143.jpg
plastic144.jpg,plastic,JPEG,RGB,512.0,384.0,36.086678431372135,3.0,9159,False,..\data\raw\plastic\plastic144.jpg
plastic145.jpg,plastic,JPEG,RGB,512.0,384.0,34.65942326134352,3.0,12112,False,..\data\raw\plastic\plastic145.jpg
plastic146.jpg,plastic,JPEG,RGB,512.0,384.0,36.26348227014045,3.0,9539,False,..\data\raw\plastic\plastic146.jpg
plastic147.jpg,plastic,JPEG,RGB,512.0,384.0,10.823302452090722,3.0,6222,False,..\data\raw\plastic\plastic147.jpg
plastic148.jpg,plastic,JPEG,RGB,512.0,384.0,47.468459385708016,3.0,9972,False,..\data\raw\plastic\plastic148.jpg
plastic149.jpg,plastic,JPEG,RGB,512.0,384.0,32.16861742655467,3.0,8906,False,..\data\raw\plastic\plastic149.jpg
plastic15.jpg,plastic,JPEG,RGB,512.0,384.0,32.391185982389274,3.0,10169,False,..\data\raw\plastic\plastic15.jpg
plastic150.jpg,plastic,JPEG,RGB,512.0,384.0,9.597787093097676,3.0,5988,False,..\data\raw\plastic\plastic150.jpg
plastic151.jpg,plastic,JPEG,RGB,512.0,384.0,38.03020078137877,3.0,13572,False,..\data\raw\plastic\plastic151.jpg
plastic152.jpg,plastic,JPEG,RGB,512.0,384.0,37.22302673550009,3.0,16192,False,..\data\raw\plastic\plastic152.jpg
plastic153.jpg,plastic,JPEG,RGB,512.0,384.0,19.888794154919974,3.0,8610,False,..\data\raw\plastic\plastic153.jpg
plastic154.jpg,plastic,JPEG,RGB,512.0,384.0,18.825732650089666,3.0,6655,False,..\data\raw\plastic\plastic154.jpg
plastic155.jpg,plastic,JPEG,RGB,512.0,384.0,42.402769272341416,3.0,12344,False,..\data\raw\plastic\plastic155.jpg
plastic156.jpg,plastic,JPEG,RGB,512.0,384.0,33.63868418392504,3.0,10165,False,..\data\raw\plastic\plastic156.jpg
plastic157.jpg,plastic,JPEG,RGB,512.0,384.0,53.49191314902986,3.0,13080,False,..\data\raw\plastic\plastic157.jpg
plastic158.jpg,plastic,JPEG,RGB,512.0,384.0,38.48680469046837,3.0,9696,False,..\data\raw\plastic\plastic158.jpg
plastic159.jpg,plastic,JPEG,RGB,512.0,384.0,46.446877564513116,3.0,9864,False,..\data\raw\plastic\plastic159.jpg
plastic16.jpg,plastic,JPEG,RGB,512.0,384.0,46.86353805251889,3.0,9714,False,..\data\raw\plastic\plastic16.jpg
plastic160.jpg,plastic,JPEG,RGB,512.0,384.0,40.79053193154463,3.0,15555,False,..\data\raw\plastic\plastic160.jpg
plastic161.jpg,plastic,JPEG,RGB,512.0,384.0,44.135395055070376,3.0,10318,False,..\data\raw\plastic\plastic161.jpg
plastic162.jpg,plastic,JPEG,RGB,512.0,384.0,36.18526892842803,3.0,16322,False,..\data\raw\plastic\plastic162.jpg
plastic163.jpg,plastic,JPEG,RGB,512.0,384.0,39.08808653784854,3.0,9826,False,..\data\raw\plastic\plastic163.jpg
plastic164.jpg,plastic,JPEG,RGB,512.0,384.0,56.771660627967584,3.0,10316,False,..\data\raw\plastic\plastic164.jpg
plastic165.jpg,plastic,JPEG,RGB,512.0,384.0,43.33624260319946,3.0,16445,False,..\data\raw\plastic\plastic165.jpg
plastic166.jpg,plastic,JPEG,RGB,512.0,384.0,39.069367806155135,3.0,9805,False,..\data\raw\plastic\plastic166.jpg
plastic167.jpg,plastic,JPEG,RGB,512.0,384.0,24.5640946015606,3.0,9689,False,..\data\raw\plastic\plastic167.jpg
plastic168.jpg,plastic,JPEG,RGB,512.0,384.0,57.24282560731665,3.0,10755,False,..\data\raw\plastic\plastic168.jpg
plastic169.jpg,plastic,JPEG,RGB,512.0,384.0,43.192102144461124,3.0,13716,False,..\data\raw\plastic\plastic169.jpg
plastic17.jpg,plastic,JPEG,RGB,512.0,384.0,26.85530605347535,3.0,13161,False,..\data\raw\plastic\plastic17.jpg
plastic170.jpg,plastic,JPEG,RGB,512.0,384.0,45.57539207156561,3.0,7796,False,..\data\raw\plastic\plastic170.jpg
plastic171.jpg,plastic,JPEG,RGB,512.0,384.0,43.28360218498855,3.0,12122,False,..\data\raw\plastic\plastic171.jpg
plastic171az.jpg,plastic,JPEG,RGB,512.0,384.0,43.28360218498855,3.0,12122,False,..\data\raw\plastic\plastic171az.jpg
plastic172.jpg,plastic,JPEG,RGB,512.0,384.0,40.208646426521774,3.0,10201,False,..\data\raw\plastic\plastic172.jpg
plastic173.jpg,plastic,JPEG,RGB,512.0,384.0,37.525696758317,3.0,11013,False,..\data\raw\plastic\plastic173.jpg
plastic174.jpg,plastic,JPEG,RGB,512.0,384.0,38.536963245192695,3.0,8450,False,..\data\raw\plastic\plastic174.jpg
plastic175.jpg,plastic,JPEG,RGB,512.0,384.0,44.14441248442268,3.0,16769,False,..\data\raw\plastic\plastic175.jpg
plastic176.jpg,plastic,JPEG,RGB,512.0,384.0,27.399441504587173,3.0,7045,False,..\data\raw\plastic\plastic176.jpg
plastic177.jpg,plastic,JPEG,RGB,512.0,384.0,24.4543473140231,3.0,7445,False,..\data\raw\plastic\plastic177.jpg
plastic178.jpg,plastic,JPEG,RGB,512.0,384.0,27.120177883635048,3.0,7180,False,..\data\raw\plastic\plastic178.jpg
plastic179.jpg,plastic,JPEG,RGB,512.0,384.0,25.823938720112377,3.0,7447,False,..\data\raw\plastic\plastic179.jpg
plastic18.jpg,plastic,JPEG,RGB,512.0,384.0,29.914461705603,3.0,15578,False,..\data\raw\plastic\plastic18.jpg
plastic180.jpg,plastic,JPEG,RGB,512.0,384.0,28.12920946757432,3.0,7349,False,..\data\raw\plastic\plastic180.jpg
plastic181.jpg,plastic,JPEG,RGB,512.0,384.0,23.47364351984223,3.0,8254,False,..\data\raw\plastic\plastic181.jpg
plastic182.jpg,plastic,JPEG,RGB,512.0,384.0,22.509608989682963,3.0,7857,False,..\data\raw\plastic\plastic182.jpg
plastic183.jpg,plastic,JPEG,RGB,512.0,384.0,31.26967647405011,3.0,10972,False,..\data\raw\plastic\plastic183.jpg
plastic184.jpg,plastic,JPEG,RGB,512.0,384.0,39.510016353942625,3.0,13080,False,..\data\raw\plastic\plastic184.jpg
plastic185.jpg,plastic,JPEG,RGB,512.0,384.0,37.721049210207035,3.0,10993,False,..\data\raw\plastic\plastic185.jpg
plastic186.jpg,plastic,JPEG,RGB,512.0,384.0,48.36207399182545,3.0,31970,False,..\data\raw\plastic\plastic186.jpg
plastic187.jpg,plastic,JPEG,RGB,512.0,384.0,38.07363310058075,3.0,11552,False,..\data\raw\plastic\plastic187.jpg
plastic188.jpg,plastic,JPEG,RGB,512.0,384.0,36.1990748341285,3.0,12957,False,..\data\raw\plastic\plastic188.jpg
plastic189.jpg,plastic,JPEG,RGB,512.0,384.0,50.34743453361747,3.0,18526,False,..\data\raw\plastic\plastic189.jpg
plastic19.jpg,plastic,JPEG,RGB,512.0,384.0,46.58928412654781,3.0,8029,False,..\data\raw\plastic\plastic19.jpg
plastic190.jpg,plastic,JPEG,RGB,512.0,384.0,43.56024149592638,3.0,23065,False,..\data\raw\plastic\plastic190.jpg
plastic191.jpg,plastic,JPEG,RGB,512.0,384.0,47.31042034275918,3.0,13993,False,..\data\raw\plastic\plastic191.jpg
plastic192.jpg,plastic,JPEG,RGB,512.0,384.0,39.491612114997814,3.0,24665,False,..\data\raw\plastic\plastic192.jpg
plastic193.jpg,plastic,JPEG,RGB,512.0,384.0,46.124512830013266,3.0,14874,False,..\data\raw\plastic\plastic193.jpg
plastic194.jpg,plastic,JPEG,RGB,512.0,384.0,44.819605237025776,3.0,11039,False,..\data\raw\plastic\plastic194.jpg
plastic195.jpg,plastic,JPEG,RGB,512.0,384.0,22.92794157071943,3.0,7111,False,..\data\raw\plastic\plastic195.jpg
plastic196.jpg,plastic,JPEG,RGB,512.0,384.0,85.47280358576579,3.0,10817,False,..\data\raw\plastic\plastic196.jpg
plastic197.jpg,plastic,JPEG,RGB,512.0,384.0,34.35656050734701,3.0,16695,False,..\data\raw\plastic\plastic197.jpg
plastic198.jpg,plastic,JPEG,RGB,512.0,384.0,82.59778195662555,3.0,20951,False,..\data\raw\plastic\plastic198.jpg
plastic199.jpg,plastic,JPEG,RGB,512.0,384.0,84.03920718829532,3.0,15606,False,..\data\raw\plastic\plastic199.jpg
plastic2.jpg,plastic,JPEG,RGB,512.0,384.0,10.769687168920807,3.0,6218,False,..\data\raw\plastic\plastic2.jpg
plastic20.jpg,plastic,JPEG,RGB,512.0,384.0,26.28916289665297,3.0,17366,False,..\data\raw\plastic\plastic20.jpg
plastic200.jpg,plastic,JPEG,RGB,512.0,384.0,48.51716436167723,3.0,12276,False,..\data\raw\plastic\plastic200.jpg
plastic201.jpg,plastic,JPEG,RGB,512.0,384.0,63.308631399158905,3.0,23379,False,..\data\raw\plastic\plastic201.jpg
plastic202.jpg,plastic,JPEG,RGB,512.0,384.0,45.149413320102106,3.0,12935,False,..\data\raw\plastic\plastic202.jpg
plastic203.jpg,plastic,JPEG,RGB,512.0,384.0,30.29823867744009,3.0,16818,False,..\data\raw\plastic\plastic203.jpg
plastic204.jpg,plastic,JPEG,RGB,512.0,384.0,39.356477154253426,3.0,26740,False,..\data\raw\plastic\plastic204.jpg
plastic205.jpg,plastic,JPEG,RGB,512.0,384.0,37.11158713703308,3.0,19333,False,..\data\raw\plastic\plastic205.jpg
plastic206.jpg,plastic,JPEG,RGB,512.0,384.0,31.36586709625677,3.0,12632,False,..\data\raw\plastic\plastic206.jpg
plastic207.jpg,plastic,JPEG,RGB,512.0,384.0,34.98225353400378,3.0,25509,False,..\data\raw\plastic\plastic207.jpg
plastic208.jpg,plastic,JPEG,RGB,512.0,384.0,44.929862667559505,3.0,16023,False,..\data\raw\plastic\plastic208.jpg
plastic209.jpg,plastic,JPEG,RGB,512.0,384.0,52.698500461659265,3.0,14897,False,..\data\raw\plastic\plastic209.jpg
plastic21.jpg,plastic,JPEG,RGB,512.0,384.0,46.9200138604349,3.0,17174,False,..\data\raw\plastic\plastic21.jpg
plastic210.jpg,plastic,JPEG,RGB,512.0,384.0,37.305761637373614,3.0,10177,False,..\data\raw\plastic\plastic210.jpg
plastic211.jpg,plastic,JPEG,RGB,512.0,384.0,34.67923987039927,3.0,19123,False,..\data\raw\plastic\plastic211.jpg
plastic212.jpg,plastic,JPEG,RGB,512.0,384.0,23.871802912852246,3.0,13706,False,..\data\raw\plastic\plastic212.jpg
plastic213.jpg,plastic,JPEG,RGB,512.0,384.0,38.041765134275444,3.0,16659,False,..\data\raw\plastic\plastic213.jpg
plastic214.jpg,plastic,JPEG,RGB,512.0,384.0,31.78129402947857,3.0,18522,False,..\data\raw\plastic\plastic214.jpg
plastic215.jpg,plastic,JPEG,RGB,512.0,384.0,37.92027395259995,3.0,15496,False,..\data\raw\plastic\plastic215.jpg
plastic216.jpg,plastic,JPEG,RGB,512.0,384.0,87.60556053256236,3.0,14360,False,..\data\raw\plastic\plastic216.jpg
plastic217.jpg,plastic,JPEG,RGB,512.0,384.0,32.35621624865686,3.0,10081,False,..\data\raw\plastic\plastic217.jpg
plastic218.jpg,plastic,JPEG,RGB,512.0,384.0,41.84606548482646,3.0,17927,False,..\data\raw\plastic\plastic218.jpg
plastic219.jpg,plastic,JPEG,RGB,512.0,384.0,26.608751458528353,3.0,8317,False,..\data\raw\plastic\plastic219.jpg
plastic22.jpg,plastic,JPEG,RGB,512.0,384.0,36.74012738106945,3.0,13066,False,..\data\raw\plastic\plastic22.jpg
plastic220.jpg,plastic,JPEG,RGB,512.0,384.0,36.667475918744096,3.0,15137,False,..\data\raw\plastic\plastic220.jpg
plastic23.jpg,plastic,JPEG,RGB,512.0,384.0,40.43803525324872,3.0,8104,False,..\data\raw\plastic\plastic23.jpg
plastic24.jpg,plastic,JPEG,RGB,512.0,384.0,44.221556609363795,3.0,12285,False,..\data\raw\plastic\plastic24.jpg
plastic25.jpg,plastic,JPEG,RGB,512.0,384.0,29.31726905975415,3.0,10042,False,..\data\raw\plastic\plastic25.jpg
plastic26.jpg,plastic,JPEG,RGB,512.0,384.0,42.68273046746519,3.0,7359,False,..\data\raw\plastic\plastic26.jpg
plastic27.jpg,plastic,JPEG,RGB,512.0,384.0,43.844458603047606,3.0,14387,False,..\data\raw\plastic\plastic27.jpg
plastic28.jpg,plastic,JPEG,RGB,512.0,384.0,30.0270269944805,3.0,8014,False,..\data\raw\plastic\plastic28.jpg
plastic29.jpg,plastic,JPEG,RGB,512.0,384.0,56.48490038542837,3.0,15787,False,..\data\raw\plastic\plastic29.jpg
plastic3.jpg,plastic,JPEG,RGB,512.0,384.0,9.72773207913153,3.0,6342,False,..\data\raw\plastic\plastic3.jpg
plastic30.jpg,plastic,JPEG,RGB,512.0,384.0,30.364278917233186,3.0,18094,False,..\data\raw\plastic\plastic30.jpg
plastic31.jpg,plastic,JPEG,RGB,512.0,384.0,31.382183531199694,3.0,9536,False,..\data\raw\plastic\plastic31.jpg
plastic32.jpg,plastic,JPEG,RGB,512.0,384.0,45.87410641130901,3.0,15647,False,..\data\raw\plastic\plastic32.jpg
plastic33.jpg,plastic,JPEG,RGB,512.0,384.0,20.19764982328081,3.0,9689,False,..\data\raw\plastic\plastic33.jpg
plastic34.jpg,plastic,JPEG,RGB,512.0,384.0,31.665802902846945,3.0,9336,False,..\data\raw\plastic\plastic34.jpg
plastic35.jpg,plastic,JPEG,RGB,512.0,384.0,22.92985423522451,3.0,9834,False,..\data\raw\plastic\plastic35.jpg
plastic36.jpg,plastic,JPEG,RGB,512.0,384.0,50.64497845566914,3.0,17892,False,..\data\raw\plastic\plastic36.jpg
plastic36rt.jpg,plastic,JPEG,RGB,512.0,384.0,50.64497845566914,3.0,17892,False,..\data\raw\plastic\plastic36rt.jpg
plastic37.jpg,plastic,JPEG,RGB,512.0,384.0,47.094708531724905,3.0,23171,False,..\data\raw\plastic\plastic37.jpg
plastic38.jpg,plastic,JPEG,RGB,512.0,384.0,38.33203969371808,3.0,17069,False,..\data\raw\plastic\plastic38.jpg
plastic39.jpg,plastic,JPEG,RGB,512.0,384.0,27.448379899383408,3.0,19541,False,..\data\raw\plastic\plastic39.jpg
plastic4.jpg,plastic,JPEG,RGB,512.0,384.0,49.48612389854265,3.0,13205,False,..\data\raw\plastic\plastic4.jpg
plastic40.jpg,plastic,JPEG,RGB,512.0,384.0,79.77433900834573,3.0,13788,False,..\data\raw\plastic\plastic40.jpg
plastic41.jpg,plastic,JPEG,RGB,512.0,384.0,50.499317452521844,3.0,10165,False,..\data\raw\plastic\plastic41.jpg
plastic42.jpg,plastic,JPEG,RGB,512.0,384.0,36.179341121499185,3.0,10018,False,..\data\raw\plastic\plastic42.jpg
plastic43.jpg,plastic,JPEG,RGB,512.0,384.0,44.52772585059668,3.0,7194,False,..\data\raw\plastic\plastic43.jpg
plastic44.jpg,plastic,JPEG,RGB,512.0,384.0,39.52073534445346,3.0,15949,False,..\data\raw\plastic\plastic44.jpg
plastic45.jpg,plastic,JPEG,RGB,512.0,384.0,25.94750359033259,3.0,8184,False,..\data\raw\plastic\plastic45.jpg
plastic46.jpg,plastic,JPEG,RGB,512.0,384.0,40.702651437046114,3.0,20618,False,..\data\raw\plastic\plastic46.jpg
plastic47.jpg,plastic,JPEG,RGB,512.0,384.0,31.582006886461283,3.0,12311,False,..\data\raw\plastic\plastic47.jpg
plastic48.jpg,plastic,JPEG,RGB,512.0,384.0,24.5435554807924,3.0,14005,False,..\data\raw\plastic\plastic48.jpg
plastic49.jpg,plastic,JPEG,RGB,512.0,384.0,37.354850945559896,3.0,12683,False,..\data\raw\plastic\plastic49.jpg
plastic5.jpg,plastic,JPEG,RGB,512.0,384.0,24.389331925358842,3.0,8646,False,..\data\raw\plastic\plastic5.jpg
plastic50.jpg,plastic,JPEG,RGB,512.0,384.0,30.31947665169187,3.0,20022,False,..\data\raw\plastic\plastic50.jpg
plastic51.jpg,plastic,JPEG,RGB,512.0,384.0,45.335404603813984,3.0,12978,False,..\data\raw\plastic\plastic51.jpg
plastic52.jpg,plastic,JPEG,RGB,512.0,384.0,27.053124033945828,3.0,7922,False,..\data\raw\plastic\plastic52.jpg
plastic53.jpg,plastic,JPEG,RGB,512.0,384.0,47.63445019499541,3.0,22052,False,..\data\raw\plastic\plastic53.jpg
plastic54.jpg,plastic,JPEG,RGB,512.0,384.0,25.292432083522556,3.0,12187,False,..\data\raw\plastic\plastic54.jpg
plastic55.jpg,plastic,JPEG,RGB,512.0,384.0,31.258993882190282,3.0,17433,False,..\data\raw\plastic\plastic55.jpg
plastic56.jpg,plastic,JPEG,RGB,512.0,384.0,34.233328347720814,3.0,18198,False,..\data\raw\plastic\plastic56.jpg
plastic57.jpg,plastic,JPEG,RGB,512.0,384.0,52.736012815361406,3.0,13219,False,..\data\raw\plastic\plastic57.jpg
plastic58.jpg,plastic,JPEG,RGB,512.0,384.0,36.96634599089814,3.0,13065,False,..\data\raw\plastic\plastic58.jpg
plastic59.jpg,plastic,JPEG,RGB,512.0,384.0,26.41517485164388,3.0,7823,False,..\data\raw\plastic\plastic59.jpg
plastic6.jpg,plastic,JPEG,RGB,512.0,384.0,48.24909189609669,3.0,10283,False,..\data\raw\plastic\plastic6.jpg
plastic60.jpg,plastic,JPEG,RGB,512.0,384.0,31.447168698224996,3.0,11584,False,..\data\raw\plastic\plastic60.jpg
plastic61.jpg,plastic,JPEG,RGB,512.0,384.0,36.45066496356066,3.0,16544,False,..\data\raw\plastic\plastic61.jpg
plastic62.jpg,plastic,JPEG,RGB,512.0,384.0,30.963894577684368,3.0,14628,False,..\data\raw\plastic\plastic62.jpg
plastic63.jpg,plastic,JPEG,RGB,512.0,384.0,48.99532998393927,3.0,10748,False,..\data\raw\plastic\plastic63.jpg
plastic64.jpg,plastic,JPEG,RGB,512.0,384.0,44.216736927325805,3.0,13254,False,..\data\raw\plastic\plastic64.jpg
plastic65.jpg,plastic,JPEG,RGB,512.0,384.0,41.25005860583386,3.0,10938,False,..\data\raw\plastic\plastic65.jpg
plastic66.jpg,plastic,JPEG,RGB,512.0,384.0,30.677809863865374,3.0,18451,False,..\data\raw\plastic\plastic66.jpg
plastic67.jpg,plastic,JPEG,RGB,512.0,384.0,31.281618958161555,3.0,16284,False,..\data\raw\plastic\plastic67.jpg
plastic68.jpg,plastic,JPEG,RGB,512.0,384.0,85.84769588580133,3.0,12507,False,..\data\raw\plastic\plastic68.jpg
plastic69.jpg,plastic,JPEG,RGB,512.0,384.0,47.866623092327785,3.0,19529,False,..\data\raw\plastic\plastic69.jpg
plastic7.jpg,plastic,JPEG,RGB,512.0,384.0,31.375981732823167,3.0,9647,False,..\data\raw\plastic\plastic7.jpg
plastic70.jpg,plastic,JPEG,RGB,512.0,384.0,48.298375858149065,3.0,14979,False,..\data\raw\plastic\plastic70.jpg
plastic71.jpg,plastic,JPEG,RGB,512.0,384.0,30.772611222629568,3.0,19339,False,..\data\raw\plastic\plastic71.jpg
plastic72.jpg,plastic,JPEG,RGB,512.0,384.0,28.975740894457225,3.0,14092,False,..\data\raw\plastic\plastic72.jpg
plastic73.jpg,plastic,JPEG,RGB,512.0,384.0,43.27865833950265,3.0,12285,False,..\data\raw\plastic\plastic73.jpg
plastic74.jpg,plastic,JPEG,RGB,512.0,384.0,58.3021554475466,3.0,20908,False,..\data\raw\plastic\plastic74.jpg
plastic75.jpg,plastic,JPEG,RGB,512.0,384.0,36.50113766276649,3.0,11998,False,..\data\raw\plastic\plastic75.jpg
plastic76.jpg,plastic,JPEG,RGB,512.0,384.0,49.905621499180526,3.0,8799,False,..\data\raw\plastic\plastic76.jpg
plastic77.jpg,plastic,JPEG,RGB,512.0,384.0,31.29315929664518,3.0,13123,False,..\data\raw\plastic\plastic77.jpg
plastic78.jpg,plastic,JPEG,RGB,512.0,384.0,41.91914130849982,3.0,8235,False,..\data\raw\plastic\plastic78.jpg
plastic79.jpg,plastic,JPEG,RGB,512.0,384.0,37.819048979019115,3.0,25191,False,..\data\raw\plastic\plastic79.jpg
plastic8.jpg,plastic,JPEG,RGB,512.0,384.0,27.482339839862046,3.0,9969,False,..\data\raw\plastic\plastic8.jpg
plastic80.jpg,plastic,JPEG,RGB,512.0,384.0,39.53068514352995,3.0,17265,False,..\data\raw\plastic\plastic80.jpg
plastic81.jpg,plastic,JPEG,RGB,512.0,384.0,26.374855653643326,3.0,20818,False,..\data\raw\plastic\plastic81.jpg
plastic82.jpg,plastic,JPEG,RGB,512.0,384.0,39.667355745249,3.0,10337,False,..\data\raw\plastic\plastic82.jpg
plastic83.jpg,plastic,JPEG,RGB,512.0,384.0,43.94872338633994,3.0,18243,False,..\data\raw\plastic\plastic83.jpg
plastic84.jpg,plastic,JPEG,RGB,512.0,384.0,49.987080536399716,3.0,21402,False,..\data\raw\plastic\plastic84.jpg
plastic85.jpg,plastic,JPEG,RGB,512.0,384.0,37.53619951652574,3.0,14394,False,..\data\raw\plastic\plastic85.jpg
plastic86.jpg,plastic,JPEG,RGB,512.0,384.0,37.44298274258864,3.0,23267,False,..\data\raw\plastic\plastic86.jpg
plastic87.jpg,plastic,JPEG,RGB,512.0,384.0,44.8068594038589,3.0,12041,False,..\data\raw\plastic\plastic87.jpg
plastic88.jpg,plastic,JPEG,RGB,512.0,384.0,49.78748613559954,3.0,18271,False,..\data\raw\plastic\plastic88.jpg
plastic89.jpg,plastic,JPEG,RGB,512.0,384.0,33.22826865939324,3.0,18959,False,..\data\raw\plastic\plastic89.jpg
plastic9.jpg,plastic,JPEG,RGB,512.0,384.0,21.610355656725577,3.0,7454,False,..\data\raw\plastic\plastic9.jpg
plastic90.jpg,plastic,JPEG,RGB,512.0,384.0,39.545826574917974,3.0,16473,False,..\data\raw\plastic\plastic90.jpg
plastic91.jpg,plastic,JPEG,RGB,512.0,384.0,31.1618348259986,3.0,14558,False,..\data\raw\plastic\plastic91.jpg
plastic92.jpg,plastic,JPEG,RGB,512.0,384.0,45.8523838464494,3.0,19003,False,..\data\raw\plastic\plastic92.jpg
plastic93.jpg,plastic,JPEG,RGB,512.0,384.0,49.76935997114685,3.0,13890,False,..\data\raw\plastic\plastic93.jpg
plastic94.jpg,plastic,JPEG,RGB,512.0,384.0,33.98967589246783,3.0,10332,False,..\data\raw\plastic\plastic94.jpg
plastic95.jpg,plastic,JPEG,RGB,512.0,384.0,84.41329241099338,3.0,14758,False,..\data\raw\plastic\plastic95.jpg
plastic96.jpg,plastic,JPEG,RGB,512.0,384.0,33.91851262656394,3.0,16649,False,..\data\raw\plastic\plastic96.jpg
plastic97.jpg,plastic,JPEG,RGB,512.0,384.0,36.81279189295249,3.0,10024,False,..\data\raw\plastic\plastic97.jpg
plastic98.jpg,plastic,JPEG,RGB,512.0,384.0,53.95514498674918,3.0,11783,False,..\data\raw\plastic\plastic98.jpg
plastic99.jpg,plastic,JPEG,RGB,512.0,384.0,27.8958527799424,3.0,8743,False,..\data\raw\plastic\plastic99.jpg
plasticx199.jpg,plastic,JPEG,RGB,512.0,384.0,84.03920718829532,3.0,15606,False,..\data\raw\plastic\plasticx199.jpg
plasticx199fd.jpg,plastic,JPEG,RGB,512.0,384.0,43.1765720814958,3.0,14770,False,..\data\raw\plastic\plasticx199fd.jpg
trash1.jpg,trash,JPEG,RGB,512.0,384.0,58.18524454210563,3.0,16718,False,..\data\raw\trash\trash1.jpg
trash10.jpg,trash,JPEG,RGB,512.0,384.0,55.496016541000536,3.0,11752,False,..\data\raw\trash\trash10.jpg
trash11.jpg,trash,JPEG,RGB,512.0,384.0,33.21931685797278,3.0,25856,False,..\data\raw\trash\trash11.jpg
trash12.jpg,trash,JPEG,RGB,512.0,384.0,46.632580561623726,3.0,12796,False,..\data\raw\trash\trash12.jpg
trash13.jpg,trash,JPEG,RGB,512.0,384.0,53.788761144580725,3.0,13009,False,..\data\raw\trash\trash13.jpg
trash14.jpg,trash,JPEG,RGB,512.0,384.0,52.327041504111676,3.0,23960,False,..\data\raw\trash\trash14.jpg
trash15.jpg,trash,JPEG,RGB,512.0,384.0,58.295353241750846,3.0,13306,False,..\data\raw\trash\trash15.jpg
trash16.jpg,trash,JPEG,RGB,512.0,384.0,66.02917782283198,3.0,15885,False,..\data\raw\trash\trash16.jpg
trash17.jpg,trash,JPEG,RGB,512.0,384.0,63.059666004446555,3.0,21130,False,..\data\raw\trash\trash17.jpg
trash18.jpg,trash,JPEG,RGB,512.0,384.0,38.595079176642564,3.0,21319,False,..\data\raw\trash\trash18.jpg
trash19.jpg,trash,JPEG,RGB,512.0,384.0,58.403025324176504,3.0,12652,False,..\data\raw\trash\trash19.jpg
trash2.jpg,trash,JPEG,RGB,512.0,384.0,46.71169028805906,3.0,10587,False,..\data\raw\trash\trash2.jpg
trash20.jpg,trash,JPEG,RGB,512.0,384.0,60.95301410142855,3.0,13769,False,..\data\raw\trash\trash20.jpg
trash21.jpg,trash,JPEG,RGB,512.0,384.0,60.03947382448938,3.0,13738,False,..\data\raw\trash\trash21.jpg
trash22.jpg,trash,JPEG,RGB,512.0,384.0,51.20407127521074,3.0,11043,False,..\data\raw\trash\trash22.jpg
trash23.jpg,trash,JPEG,RGB,512.0,384.0,40.78797238979398,3.0,14208,False,..\data\raw\trash\trash23.jpg
trash24.jpg,trash,JPEG,RGB,512.0,384.0,52.748512849306806,3.0,10933,False,..\data\raw\trash\trash24.jpg
trash25.jpg,trash,JPEG,RGB,512.0,384.0,29.770195387835436,3.0,15099,False,..\data\raw\trash\trash25.jpg
trash26.jpg,trash,JPEG,RGB,512.0,384.0,55.136967028330034,3.0,9412,False,..\data\raw\trash\trash26.jpg
trash27.jpg,trash,JPEG,RGB,512.0,384.0,43.12450410091029,3.0,11130,False,..\data\raw\trash\trash27.jpg
trash28.jpg,trash,JPEG,RGB,512.0,384.0,51.12263479928566,3.0,18783,False,..\data\raw\trash\trash28.jpg
trash29.jpg,trash,JPEG,RGB,512.0,384.0,49.27673738126864,3.0,10085,False,..\data\raw\trash\trash29.jpg
trash3.jpg,trash,,,,,,,9192,True,..\data\raw\trash\trash3.jpg
trash30.jpg,trash,JPEG,RGB,512.0,384.0,54.18822057498174,3.0,12398,False,..\data\raw\trash\trash30.jpg
trash31.jpg,trash,JPEG,RGB,512.0,384.0,35.53347196786957,3.0,13252,False,..\data\raw\trash\trash31.jpg
trash32.jpg,trash,JPEG,RGB,512.0,384.0,34.89103704259593,3.0,11164,False,..\data\raw\trash\trash32.jpg
trash33.jpg,trash,JPEG,RGB,512.0,384.0,30.55051128842631,3.0,18863,False,..\data\raw\trash\trash33.jpg
trash34.jpg,trash,JPEG,RGB,512.0,384.0,46.40236640120876,3.0,14126,False,..\data\raw\trash\trash34.jpg
trash35.jpg,trash,JPEG,RGB,512.0,384.0,40.9508787258178,3.0,11867,False,..\data\raw\trash\trash35.jpg
trash36.jpg,trash,JPEG,RGB,512.0,384.0,60.43772550926533,3.0,20538,False,..\data\raw\trash\trash36.jpg
trash37.jpg,trash,JPEG,RGB,512.0,384.0,50.36467448613483,3.0,14877,False,..\data\raw\trash\trash37.jpg
trash38.jpg,trash,JPEG,RGB,512.0,384.0,42.389577114689544,3.0,12840,False,..\data\raw\trash\trash38.jpg
trash39.jpg,trash,JPEG,RGB,512.0,384.0,54.590512521034334,3.0,15240,False,..\data\raw\trash\trash39.jpg
trash4.jpg,trash,JPEG,RGB,512.0,384.0,48.18058141445118,3.0,12417,False,..\data\raw\trash\trash4.jpg
trash40.jpg,trash,JPEG,RGB,512.0,384.0,52.95327506571412,3.0,13389,False,..\data\raw\trash\trash40.jpg
trash41.jpg,trash,JPEG,RGB,512.0,384.0,66.56343846431461,3.0,14315,False,..\data\raw\trash\trash41.jpg
trash42.jpg,trash,JPEG,RGB,512.0,384.0,63.433839718202236,3.0,15574,False,..\data\raw\trash\trash42.jpg
trash43.jpg,trash,JPEG,RGB,512.0,384.0,59.98179263812788,3.0,10401,False,..\data\raw\trash\trash43.jpg
trash44.jpg,trash,JPEG,RGB,512.0,384.0,52.833048933415164,3.0,10355,False,..\data\raw\trash\trash44.jpg
trash45.jpg,trash,JPEG,RGB,512.0,384.0,60.52574236585259,3.0,17053,False,..\data\raw\trash\trash45.jpg
trash46.jpg,trash,JPEG,RGB,512.0,384.0,42.878548267477086,3.0,20376,False,..\data\raw\trash\trash46.jpg
trash47.jpg,trash,JPEG,RGB,512.0,384.0,64.41750017808411,3.0,23312,False,..\data\raw\trash\trash47.jpg
trash48.jpg,trash,JPEG,RGB,512.0,384.0,40.27932531299707,3.0,9687,False,..\data\raw\trash\trash48.jpg
trash49.jpg,trash,JPEG,RGB,512.0,384.0,54.779503292989745,3.0,11655,False,..\data\raw\trash\trash49.jpg
trash5.jpg,trash,JPEG,RGB,512.0,384.0,33.522742840165066,3.0,18236,False,..\data\raw\trash\trash5.jpg
trash50.jpg,trash,JPEG,RGB,512.0,384.0,41.78002708684885,3.0,13563,False,..\data\raw\trash\trash50.jpg
trash6.jpg,trash,JPEG,RGB,512.0,384.0,37.39170214987131,3.0,10534,False,..\data\raw\trash\trash6.jpg
trash7.jpg,trash,JPEG,RGB,512.0,384.0,41.29737615714148,3.0,8011,False,..\data\raw\trash\trash7.jpg
trash8.jpg,trash,JPEG,RGB,512.0,384.0,47.635953324878884,3.0,16946,False,..\data\raw\trash\trash8.jpg
trash9.jpg,trash,JPEG,RGB,512.0,384.0,67.50655737656894,3.0,13571,False,..\data\raw\trash\trash9.jpg
